experiment,weight_set,alpha,n_assets,n_periods,n_tail_obs,total_cvar,total_var,herfindahl_index,effective_n,max_rc_asset,max_rc_pct,min_rc_asset,min_rc_pct,additivity_error,euler_check_pass,top1_asset,top1_pct,top2_asset,top2_pct,top3_asset,top3_pct
A1_n3_PA,initial_equal_weight,0.05,10,1005,51,0.03723227742586289,0.022051258028494364,0.11916193414456788,8.391941664750043,OXY,17.36475549015394,CLX,3.1364569994262825,0.0,True,OXY,17.3648,AAL,15.5182,NFLX,13.6632
A1_n3_PA,quantum_optimal,0.05,10,1005,51,0.027678020934680254,0.016069969170080432,0.21056538874768363,4.749118579968906,CLX,30.474495410745444,AAP,1.9994465800813543,0.0,True,CLX,30.4745,CBOE,27.7665,CHRW,16.6707
A1_n3_PA,classical_slsqp,0.05,10,1005,51,0.027168598140584223,0.015979470039889036,0.22309127780875068,4.48247017912224,CBOE,28.62139038308525,NFLX,0.0,1.277006245961162e-16,True,CBOE,28.6214,CLX,26.7612,CHRW,21.8125
A1_n3_PA,classical_markowitz,0.05,10,1005,51,0.02789679400014914,0.01644103849374224,0.20101383205110562,4.974782032640225,CLX,30.898366566352237,OXY,3.402940804340109e-16,1.2436722843259128e-16,True,CLX,30.8984,CHRW,20.7856,NEM,17.7931
A1_n3_PA,classical_risk_parity,0.05,10,1005,51,0.0327576194266054,0.019307688054749483,0.10180109832222996,9.823076729827712,NFLX,13.350974679423016,DXCM,8.640020696290469,0.0,True,NFLX,13.351,AAP,11.4209,CLX,10.3423
A1_n3_PA,oos_equal_weight,0.05,10,501,26,0.027031708298093253,0.01718249094672937,0.1730902493002707,5.777332946497964,FMC,27.306487495021525,CBOE,-0.8938524875288832,1.2834730656657062e-16,True,FMC,27.3065,AAP,20.5083,DXCM,16.6545
A1_n3_PA,oos_quantum_cvar,0.05,10,501,26,0.018377046650930182,0.014425575107096623,0.21634929244248494,4.622155167278135,CLX,35.3347137334787,NFLX,0.24628958427566552,1.8879241141708776e-16,True,CLX,35.3347,CBOE,23.7457,CHRW,11.7263
A1_n3_PA,oos_classical_cvar,0.05,10,501,26,0.01886560599587444,0.014526547122628925,0.2033422516979272,4.917817087446926,CLX,31.328463794681277,NFLX,-0.0,0.0,True,CLX,31.3285,CBOE,22.2336,CHRW,14.53
A1_n3_PA,oos_inverse_vol,0.05,10,501,26,0.024665935366934504,0.015720340504769066,0.1823850036986299,5.482906926121975,FMC,32.16546982835949,CBOE,0.8170910143466822,0.0,True,FMC,32.1655,AAP,19.7151,DXCM,14.1107
A1_n3_PB,initial_equal_weight,0.05,10,1005,51,0.047654276217407164,0.02876418229521975,0.10539438359374595,9.488171626437023,IVZ,13.41977781089334,BRK-B,6.171807006993363,2.912181006485392e-16,True,IVZ,13.4198,AIG,12.535,AMP,12.2066
A1_n3_PB,quantum_optimal,0.05,10,1005,51,0.0383427559576853,0.022012591602985195,0.20476171319626996,4.883725499217089,ITW,30.552523859849583,BAC,2.114456234764317,0.0,True,ITW,30.5525,BRK-B,25.1592,MCO,19.4208
A1_n3_PB,classical_slsqp,0.05,10,1005,51,0.037477020815738026,0.021803113174012616,0.27141821537855576,3.6843510985630337,MCO,34.27048764912978,AMP,3.4398653203361294e-16,0.0,True,MCO,34.2705,ITW,29.234,BRK-B,24.692
A1_n3_PB,classical_markowitz,0.05,10,1005,51,0.03849497978524345,0.02237332849762955,0.1873479030432532,5.337663159054036,BRK-B,22.46475786644637,AIG,0.0,1.8025451481252582e-16,True,BRK-B,22.4648,MCO,22.1034,ITW,21.8127
A1_n3_PB,classical_risk_parity,0.05,10,1005,51,0.04524799415641071,0.02681114399642238,0.10014861826856142,9.985160227756426,AIG,10.756527132869621,TROW,9.439218886294919,1.5335251944917379e-16,True,AIG,10.7565,L,10.4348,MCO,10.251
A1_n3_PB,oos_equal_weight,0.05,10,501,26,0.028428089465468317,0.01686799161922508,0.10920009332215119,9.157501331522676,IVZ,15.812824674373182,BRK-B,6.053420875510422,1.220429166078093e-16,True,IVZ,15.8128,PRU,12.8949,TROW,11.4863
A1_n3_PB,oos_quantum_cvar,0.05,10,501,26,0.02358431846231854,0.014574790478964185,0.207374244519774,4.8221996049497164,ITW,28.900878100343892,AIG,1.8742029725410125,1.4710821334509706e-16,True,ITW,28.9009,MCO,24.441,BRK-B,23.0245
A1_n3_PB,oos_classical_cvar,0.05,10,501,26,0.023822606697868697,0.014091374041561052,0.30549250506790154,3.2734027297256634,MCO,42.744303628211334,BAC,0.0,1.4563674731127827e-16,True,MCO,42.7443,ITW,26.5531,BRK-B,22.0216
A1_n3_PB,oos_inverse_vol,0.05,10,501,26,0.026938453560556293,0.01572062006247574,0.10270237341237809,9.736873324092782,IVZ,11.751792832684128,AIG,7.257736413189499,0.0,True,IVZ,11.7518,TROW,11.6672,PRU,11.6547
A1_n3_PC,initial_equal_weight,0.05,10,1005,51,0.03512884619015783,0.019423875204799688,0.10286427026764959,9.72154857462199,AAPL,11.683918937022906,PG,5.975733441800612,1.9752695167799519e-16,True,AAPL,11.6839,JPM,11.397,XOM,11.2924
A1_n3_PC,quantum_optimal,0.05,10,1005,51,0.03106082776104861,0.018618142538129073,0.17408150497411867,5.744435631738556,PG,25.17996152962701,UNH,3.8700921342880994,1.116984704542972e-16,True,PG,25.18,LIN,22.2975,NEE,21.7705
A1_n3_PC,classical_slsqp,0.05,10,1005,51,0.030823578698964967,0.018189738947814834,0.18713844012113118,5.3436375730861005,LIN,25.2521920883923,JPM,0.0,2.251164269948968e-16,True,LIN,25.2522,PG,24.75,NEE,19.0067
A1_n3_PC,classical_markowitz,0.05,10,1005,51,0.03512884619015783,0.019423875204799688,0.10286427026764959,9.72154857462199,AAPL,11.683918937022906,PG,5.975733441800612,1.9752695167799519e-16,True,AAPL,11.6839,JPM,11.397,XOM,11.2924
A1_n3_PC,classical_risk_parity,0.05,10,1005,51,0.03420744303901089,0.018743045703303964,0.10040616291844158,9.959548009142477,XOM,10.969936538020306,NEE,8.693032941491225,2.0284748836660388e-16,True,XOM,10.9699,AAPL,10.6901,UNH,10.4275
A1_n3_PC,oos_equal_weight,0.05,10,501,26,0.0193058855737227,0.013492446531317391,0.11314960805029288,8.837856509016971,AAPL,14.199459780164748,PG,1.9786183151379624,1.797092880668323e-16,True,AAPL,14.1995,CAT,13.6888,GOOGL,12.9747
A1_n3_PC,oos_quantum_cvar,0.05,10,501,26,0.017833410046109634,0.011440609185976194,0.2358790353977853,4.239461121729639,NEE,32.03179392263872,UNH,1.276668364876137,0.0,True,NEE,32.0318,PG,30.2367,LIN,18.9965
A1_n3_PC,oos_classical_cvar,0.05,10,501,26,0.01730441567263049,0.011574003206566064,0.24038414212075013,4.160008190131271,PG,41.22139471925409,MSFT,0.734810075286477,0.0,True,PG,41.2214,CAT,18.8436,NEE,15.9403
A1_n3_PC,oos_inverse_vol,0.05,10,501,26,0.018674024949917108,0.013433162431575378,0.10815027958005662,9.246393110428947,UNH,14.337481648894848,PG,5.133299721994833,1.857899923159752e-16,True,UNH,14.3375,AAPL,13.1871,GOOGL,11.8873
A1_n5_PA,initial_equal_weight,0.05,10,1005,51,0.03723227742586289,0.022051258028494364,0.11916193414456788,8.391941664750043,OXY,17.36475549015394,CLX,3.1364569994262825,0.0,True,OXY,17.3648,AAL,15.5182,NFLX,13.6632
A1_n5_PA,quantum_optimal,0.05,10,1005,51,0.02768979587236275,0.016120868174297948,0.21113501144174165,4.736305898161894,CLX,30.679052931697658,AAP,2.00087319695289,1.2529694938691665e-16,True,CLX,30.6791,CBOE,27.7689,CHRW,16.4582
A1_n5_PA,classical_slsqp,0.05,10,1005,51,0.027168598140584223,0.015979470039889036,0.22309127780875068,4.48247017912224,CBOE,28.62139038308525,NFLX,0.0,1.277006245961162e-16,True,CBOE,28.6214,CLX,26.7612,CHRW,21.8125
A1_n5_PA,classical_markowitz,0.05,10,1005,51,0.02789679400014914,0.01644103849374224,0.20101383205110562,4.974782032640225,CLX,30.898366566352237,OXY,3.402940804340109e-16,1.2436722843259128e-16,True,CLX,30.8984,CHRW,20.7856,NEM,17.7931
A1_n5_PA,classical_risk_parity,0.05,10,1005,51,0.0327576194266054,0.019307688054749483,0.10180109832222996,9.823076729827712,NFLX,13.350974679423016,DXCM,8.640020696290469,0.0,True,NFLX,13.351,AAP,11.4209,CLX,10.3423
A1_n5_PA,oos_equal_weight,0.05,10,501,26,0.027031708298093253,0.01718249094672937,0.1730902493002707,5.777332946497964,FMC,27.306487495021525,CBOE,-0.8938524875288832,1.2834730656657062e-16,True,FMC,27.3065,AAP,20.5083,DXCM,16.6545
A1_n5_PA,oos_quantum_cvar,0.05,10,501,26,0.01838523012680502,0.0144394097012729,0.2174863022533021,4.5979907223550995,CLX,35.57118806739299,NFLX,0.24487045988987052,0.0,True,CLX,35.5712,CBOE,23.7473,CHRW,11.5766
A1_n5_PA,oos_classical_cvar,0.05,10,501,26,0.01886560599587444,0.014526547122628925,0.2033422516979272,4.917817087446926,CLX,31.328463794681277,NFLX,-0.0,0.0,True,CLX,31.3285,CBOE,22.2336,CHRW,14.53
A1_n5_PA,oos_inverse_vol,0.05,10,501,26,0.024665935366934504,0.015720340504769066,0.1823850036986299,5.482906926121975,FMC,32.16546982835949,CBOE,0.8170910143466822,0.0,True,FMC,32.1655,AAP,19.7151,DXCM,14.1107
A1_n5_PB,initial_equal_weight,0.05,10,1005,51,0.047654276217407164,0.02876418229521975,0.10539438359374595,9.488171626437023,IVZ,13.41977781089334,BRK-B,6.171807006993363,2.912181006485392e-16,True,IVZ,13.4198,AIG,12.535,AMP,12.2066
A1_n5_PB,quantum_optimal,0.05,10,1005,51,0.03834616509391693,0.022001382431496665,0.20494975710109684,4.87924462143531,ITW,30.54773525238762,BAC,2.1168233497055637,1.8095405073525342e-16,True,ITW,30.5477,BRK-B,25.1552,MCO,19.5267
A1_n5_PB,classical_slsqp,0.05,10,1005,51,0.037477020815738026,0.021803113174012616,0.27141821537855576,3.6843510985630337,MCO,34.27048764912978,AMP,3.4398653203361294e-16,0.0,True,MCO,34.2705,ITW,29.234,BRK-B,24.692
A1_n5_PB,classical_markowitz,0.05,10,1005,51,0.03849497978524345,0.02237332849762955,0.1873479030432532,5.337663159054036,BRK-B,22.46475786644637,AIG,0.0,1.8025451481252582e-16,True,BRK-B,22.4648,MCO,22.1034,ITW,21.8127
A1_n5_PB,classical_risk_parity,0.05,10,1005,51,0.04524799415641071,0.02681114399642238,0.10014861826856142,9.985160227756426,AIG,10.756527132869621,TROW,9.439218886294919,1.5335251944917379e-16,True,AIG,10.7565,L,10.4348,MCO,10.251
A1_n5_PB,oos_equal_weight,0.05,10,501,26,0.028428089465468317,0.01686799161922508,0.10920009332215119,9.157501331522676,IVZ,15.812824674373182,BRK-B,6.053420875510422,1.220429166078093e-16,True,IVZ,15.8128,PRU,12.8949,TROW,11.4863
A1_n5_PB,oos_quantum_cvar,0.05,10,501,26,0.02358775506498154,0.014574359619988878,0.2077130735402396,4.814333459883415,ITW,28.895413214462966,AIG,1.8779232553680663,1.4708678050944406e-16,True,ITW,28.8954,MCO,24.5718,BRK-B,23.0202
A1_n5_PB,oos_classical_cvar,0.05,10,501,26,0.023822606697868697,0.014091374041561052,0.30549250506790154,3.2734027297256634,MCO,42.744303628211334,BAC,0.0,1.4563674731127827e-16,True,MCO,42.7443,ITW,26.5531,BRK-B,22.0216
A1_n5_PB,oos_inverse_vol,0.05,10,501,26,0.026938453560556293,0.01572062006247574,0.10270237341237809,9.736873324092782,IVZ,11.751792832684128,AIG,7.257736413189499,0.0,True,IVZ,11.7518,TROW,11.6672,PRU,11.6547
A1_n5_PC,initial_equal_weight,0.05,10,1005,51,0.03512884619015783,0.019423875204799688,0.10286427026764959,9.72154857462199,AAPL,11.683918937022906,PG,5.975733441800612,1.9752695167799519e-16,True,AAPL,11.6839,JPM,11.397,XOM,11.2924
A1_n5_PC,quantum_optimal,0.05,10,1005,51,0.03104995972615427,0.018442983045281167,0.17177820857163636,5.821460174227931,PG,25.291387181714793,GOOGL,4.267148332830958,1.1173756689388191e-16,True,PG,25.2914,LIN,22.5629,NEE,20.6715
A1_n5_PC,classical_slsqp,0.05,10,1005,51,0.030823578698964967,0.018189738947814834,0.18713844012113118,5.3436375730861005,LIN,25.2521920883923,JPM,0.0,2.251164269948968e-16,True,LIN,25.2522,PG,24.75,NEE,19.0067
A1_n5_PC,classical_markowitz,0.05,10,1005,51,0.03512884619015783,0.019423875204799688,0.10286427026764959,9.72154857462199,AAPL,11.683918937022906,PG,5.975733441800612,1.9752695167799519e-16,True,AAPL,11.6839,JPM,11.397,XOM,11.2924
A1_n5_PC,classical_risk_parity,0.05,10,1005,51,0.03420744303901089,0.018743045703303964,0.10040616291844158,9.959548009142477,XOM,10.969936538020306,NEE,8.693032941491225,2.0284748836660388e-16,True,XOM,10.9699,AAPL,10.6901,UNH,10.4275
A1_n5_PC,oos_equal_weight,0.05,10,501,26,0.0193058855737227,0.013492446531317391,0.11314960805029288,8.837856509016971,AAPL,14.199459780164748,PG,1.9786183151379624,1.797092880668323e-16,True,AAPL,14.1995,CAT,13.6888,GOOGL,12.9747
A1_n5_PC,oos_quantum_cvar,0.05,10,501,26,0.017769167044104958,0.011318142461846446,0.23459491136648705,4.262667055202181,NEE,31.849244973878076,UNH,1.3962762828036113,0.0,True,NEE,31.8492,PG,30.3474,LIN,18.7438
A1_n5_PC,oos_classical_cvar,0.05,10,501,26,0.01730441567263049,0.011574003206566064,0.24038414212075013,4.160008190131271,PG,41.22139471925409,MSFT,0.734810075286477,0.0,True,PG,41.2214,CAT,18.8436,NEE,15.9403
A1_n5_PC,oos_inverse_vol,0.05,10,501,26,0.018674024949917108,0.013433162431575378,0.10815027958005662,9.246393110428947,UNH,14.337481648894848,PG,5.133299721994833,1.857899923159752e-16,True,UNH,14.3375,AAPL,13.1871,GOOGL,11.8873
A1_n6_PA,initial_equal_weight,0.05,10,1005,51,0.03723227742586289,0.022051258028494364,0.11916193414456788,8.391941664750043,OXY,17.36475549015394,CLX,3.1364569994262825,0.0,True,OXY,17.3648,AAL,15.5182,NFLX,13.6632
A1_n6_PA,quantum_optimal,0.05,10,1005,51,0.027696226847608044,0.01606501047493222,0.2120453070127226,4.715973270467149,CLX,30.68291448356445,AAP,2.0074283636064534,2.5053571167244567e-16,True,CLX,30.6829,CBOE,28.0499,CHRW,16.3192
A1_n6_PA,classical_slsqp,0.05,10,1005,51,0.027168598140584223,0.015979470039889036,0.22309127780875068,4.48247017912224,CBOE,28.62139038308525,NFLX,0.0,1.277006245961162e-16,True,CBOE,28.6214,CLX,26.7612,CHRW,21.8125
A1_n6_PA,classical_markowitz,0.05,10,1005,51,0.02789679400014914,0.01644103849374224,0.20101383205110562,4.974782032640225,CLX,30.898366566352237,OXY,3.402940804340109e-16,1.2436722843259128e-16,True,CLX,30.8984,CHRW,20.7856,NEM,17.7931
A1_n6_PA,classical_risk_parity,0.05,10,1005,51,0.0327576194266054,0.019307688054749483,0.10180109832222996,9.823076729827712,NFLX,13.350974679423016,DXCM,8.640020696290469,0.0,True,NFLX,13.351,AAP,11.4209,CLX,10.3423
A1_n6_PA,oos_equal_weight,0.05,10,501,26,0.027031708298093253,0.01718249094672937,0.1730902493002707,5.777332946497964,FMC,27.306487495021525,CBOE,-0.8938524875288832,1.2834730656657062e-16,True,FMC,27.3065,AAP,20.5083,DXCM,16.6545
A1_n6_PA,oos_quantum_cvar,0.05,10,501,26,0.018352183938718035,0.014370804250798789,0.21869878674671425,4.572499074529155,CLX,35.648002699049,NFLX,0.24938286015310845,1.8904817887280715e-16,True,CLX,35.648,CBOE,24.0363,CHRW,11.5022
A1_n6_PA,oos_classical_cvar,0.05,10,501,26,0.01886560599587444,0.014526547122628925,0.2033422516979272,4.917817087446926,CLX,31.328463794681277,NFLX,-0.0,0.0,True,CLX,31.3285,CBOE,22.2336,CHRW,14.53
A1_n6_PA,oos_inverse_vol,0.05,10,501,26,0.024665935366934504,0.015720340504769066,0.1823850036986299,5.482906926121975,FMC,32.16546982835949,CBOE,0.8170910143466822,0.0,True,FMC,32.1655,AAP,19.7151,DXCM,14.1107
A1_n6_PB,initial_equal_weight,0.05,10,1005,51,0.047654276217407164,0.02876418229521975,0.10539438359374595,9.488171626437023,IVZ,13.41977781089334,BRK-B,6.171807006993363,2.912181006485392e-16,True,IVZ,13.4198,AIG,12.535,AMP,12.2066
A1_n6_PB,quantum_optimal,0.05,10,1005,51,0.03835533880630508,0.02200604134468155,0.2044210438482773,4.891864267859853,ITW,30.53554579771498,BAC,2.0978990987508337,0.0,True,ITW,30.5355,BRK-B,25.1452,MCO,19.3758
A1_n6_PB,classical_slsqp,0.05,10,1005,51,0.037477020815738026,0.021803113174012616,0.27141821537855576,3.6843510985630337,MCO,34.27048764912978,AMP,3.4398653203361294e-16,0.0,True,MCO,34.2705,ITW,29.234,BRK-B,24.692
A1_n6_PB,classical_markowitz,0.05,10,1005,51,0.03849497978524345,0.02237332849762955,0.1873479030432532,5.337663159054036,BRK-B,22.46475786644637,AIG,0.0,1.8025451481252582e-16,True,BRK-B,22.4648,MCO,22.1034,ITW,21.8127
A1_n6_PB,classical_risk_parity,0.05,10,1005,51,0.04524799415641071,0.02681114399642238,0.10014861826856142,9.985160227756426,AIG,10.756527132869621,TROW,9.439218886294919,1.5335251944917379e-16,True,AIG,10.7565,L,10.4348,MCO,10.251
A1_n6_PB,oos_equal_weight,0.05,10,501,26,0.028428089465468317,0.01686799161922508,0.10920009332215119,9.157501331522676,IVZ,15.812824674373182,BRK-B,6.053420875510422,1.220429166078093e-16,True,IVZ,15.8128,PRU,12.8949,TROW,11.4863
A1_n6_PB,oos_quantum_cvar,0.05,10,501,26,0.02358384636299137,0.014572957256809235,0.20705967885012458,4.829525504691945,ITW,28.8972461942707,AIG,1.887683890063217,0.0,True,ITW,28.8972,MCO,24.3893,BRK-B,23.0216
A1_n6_PB,oos_classical_cvar,0.05,10,501,26,0.023822606697868697,0.014091374041561052,0.30549250506790154,3.2734027297256634,MCO,42.744303628211334,BAC,0.0,1.4563674731127827e-16,True,MCO,42.7443,ITW,26.5531,BRK-B,22.0216
A1_n6_PB,oos_inverse_vol,0.05,10,501,26,0.026938453560556293,0.01572062006247574,0.10270237341237809,9.736873324092782,IVZ,11.751792832684128,AIG,7.257736413189499,0.0,True,IVZ,11.7518,TROW,11.6672,PRU,11.6547
A1_n6_PC,initial_equal_weight,0.05,10,1005,51,0.03512884619015783,0.019423875204799688,0.10286427026764959,9.72154857462199,AAPL,11.683918937022906,PG,5.975733441800612,1.9752695167799519e-16,True,AAPL,11.6839,JPM,11.397,XOM,11.2924
A1_n6_PC,quantum_optimal,0.05,10,1005,51,0.031044667209429926,0.018306208502063197,0.1698142206943043,5.888788323565535,PG,25.536669704050514,GOOGL,4.217662996915459,1.1175661599296016e-16,True,PG,25.5367,LIN,21.9088,NEE,20.4464
A1_n6_PC,classical_slsqp,0.05,10,1005,51,0.030823578698964967,0.018189738947814834,0.18713844012113118,5.3436375730861005,LIN,25.2521920883923,JPM,0.0,2.251164269948968e-16,True,LIN,25.2522,PG,24.75,NEE,19.0067
A1_n6_PC,classical_markowitz,0.05,10,1005,51,0.03512884619015783,0.019423875204799688,0.10286427026764959,9.72154857462199,AAPL,11.683918937022906,PG,5.975733441800612,1.9752695167799519e-16,True,AAPL,11.6839,JPM,11.397,XOM,11.2924
A1_n6_PC,classical_risk_parity,0.05,10,1005,51,0.03420744303901089,0.018743045703303964,0.10040616291844158,9.959548009142477,XOM,10.969936538020306,NEE,8.693032941491225,2.0284748836660388e-16,True,XOM,10.9699,AAPL,10.6901,UNH,10.4275
A1_n6_PC,oos_equal_weight,0.05,10,501,26,0.0193058855737227,0.013492446531317391,0.11314960805029288,8.837856509016971,AAPL,14.199459780164748,PG,1.9786183151379624,1.797092880668323e-16,True,AAPL,14.1995,CAT,13.6888,GOOGL,12.9747
A1_n6_PC,oos_quantum_cvar,0.05,10,501,26,0.01770506194531845,0.01114774314259513,0.23456715080648627,4.263171533447077,NEE,31.885842492289925,UNH,1.6129159592321936,0.0,True,NEE,31.8858,PG,30.4548,LIN,18.5033
A1_n6_PC,oos_classical_cvar,0.05,10,501,26,0.01730441567263049,0.011574003206566064,0.24038414212075013,4.160008190131271,PG,41.22139471925409,MSFT,0.734810075286477,0.0,True,PG,41.2214,CAT,18.8436,NEE,15.9403
A1_n6_PC,oos_inverse_vol,0.05,10,501,26,0.018674024949917108,0.013433162431575378,0.10815027958005662,9.246393110428947,UNH,14.337481648894848,PG,5.133299721994833,1.857899923159752e-16,True,UNH,14.3375,AAPL,13.1871,GOOGL,11.8873
A1_PA,initial_equal_weight,0.05,10,1005,51,0.03723227742586289,0.022051258028494364,0.11916193414456788,8.391941664750043,OXY,17.36475549015394,CLX,3.1364569994262825,0.0,True,OXY,17.3648,AAL,15.5182,NFLX,13.6632
A1_PA,quantum_optimal,0.05,10,1005,51,0.027681494639785812,0.016138331353948914,0.21023030860734712,4.756688065695262,CLX,30.523321291481935,AAP,1.9834544206946576,1.253345239157337e-16,True,CLX,30.5233,CBOE,27.6158,CHRW,16.7348
A1_PA,classical_slsqp,0.05,10,1005,51,0.027168598140584223,0.015979470039889036,0.22309127780875068,4.48247017912224,CBOE,28.62139038308525,NFLX,0.0,1.277006245961162e-16,True,CBOE,28.6214,CLX,26.7612,CHRW,21.8125
A1_PA,classical_markowitz,0.05,10,1005,51,0.02789679400014914,0.01644103849374224,0.20101383205110562,4.974782032640225,CLX,30.898366566352237,OXY,3.402940804340109e-16,1.2436722843259128e-16,True,CLX,30.8984,CHRW,20.7856,NEM,17.7931
A1_PA,classical_risk_parity,0.05,10,1005,51,0.0327576194266054,0.019307688054749483,0.10180109832222996,9.823076729827712,NFLX,13.350974679423016,DXCM,8.640020696290469,0.0,True,NFLX,13.351,AAP,11.4209,CLX,10.3423
A1_PA,oos_equal_weight,0.05,10,501,26,0.027031708298093253,0.01718249094672937,0.1730902493002707,5.777332946497964,FMC,27.306487495021525,CBOE,-0.8938524875288832,1.2834730656657062e-16,True,FMC,27.3065,AAP,20.5083,DXCM,16.6545
A1_PA,oos_quantum_cvar,0.05,10,501,26,0.018393816670219422,0.014413855958906962,0.216023497080358,4.62912606043042,CLX,35.36349730908379,NFLX,0.24494747127382838,0.0,True,CLX,35.3635,CBOE,23.5983,CHRW,11.7622
A1_PA,oos_classical_cvar,0.05,10,501,26,0.01886560599587444,0.014526547122628925,0.2033422516979272,4.917817087446926,CLX,31.328463794681277,NFLX,-0.0,0.0,True,CLX,31.3285,CBOE,22.2336,CHRW,14.53
A1_PA,oos_inverse_vol,0.05,10,501,26,0.024665935366934504,0.015720340504769066,0.1823850036986299,5.482906926121975,FMC,32.16546982835949,CBOE,0.8170910143466822,0.0,True,FMC,32.1655,AAP,19.7151,DXCM,14.1107
A1_PB,initial_equal_weight,0.05,10,1005,51,0.047654276217407164,0.02876418229521975,0.10539438359374595,9.488171626437023,IVZ,13.41977781089334,BRK-B,6.171807006993363,2.912181006485392e-16,True,IVZ,13.4198,AIG,12.535,AMP,12.2066
A1_PB,quantum_optimal,0.05,10,1005,51,0.03833870231162377,0.021995700036738654,0.20455577116180845,4.888642321457537,ITW,30.549405013175633,BAC,2.0566415917867618,0.0,True,ITW,30.5494,BRK-B,25.1566,MCO,19.3559
A1_PB,classical_slsqp,0.05,10,1005,51,0.037477020815738026,0.021803113174012616,0.27141821537855576,3.6843510985630337,MCO,34.27048764912978,AMP,3.4398653203361294e-16,0.0,True,MCO,34.2705,ITW,29.234,BRK-B,24.692
A1_PB,classical_markowitz,0.05,10,1005,51,0.03849497978524345,0.02237332849762955,0.1873479030432532,5.337663159054036,BRK-B,22.46475786644637,AIG,0.0,1.8025451481252582e-16,True,BRK-B,22.4648,MCO,22.1034,ITW,21.8127
A1_PB,classical_risk_parity,0.05,10,1005,51,0.04524799415641071,0.02681114399642238,0.10014861826856142,9.985160227756426,AIG,10.756527132869621,TROW,9.439218886294919,1.5335251944917379e-16,True,AIG,10.7565,L,10.4348,MCO,10.251
A1_PB,oos_equal_weight,0.05,10,501,26,0.028428089465468317,0.01686799161922508,0.10920009332215119,9.157501331522676,IVZ,15.812824674373182,BRK-B,6.053420875510422,1.220429166078093e-16,True,IVZ,15.8128,PRU,12.8949,TROW,11.4863
A1_PB,oos_quantum_cvar,0.05,10,501,26,0.023565208037725598,0.014547086311566024,0.2072775025254531,4.8244502554115964,ITW,28.92047039321145,AIG,1.856212753132606,0.0,True,ITW,28.9205,MCO,24.3733,BRK-B,23.0401
A1_PB,oos_classical_cvar,0.05,10,501,26,0.023822606697868697,0.014091374041561052,0.30549250506790154,3.2734027297256634,MCO,42.744303628211334,BAC,0.0,1.4563674731127827e-16,True,MCO,42.7443,ITW,26.5531,BRK-B,22.0216
A1_PB,oos_inverse_vol,0.05,10,501,26,0.026938453560556293,0.01572062006247574,0.10270237341237809,9.736873324092782,IVZ,11.751792832684128,AIG,7.257736413189499,0.0,True,IVZ,11.7518,TROW,11.6672,PRU,11.6547
A1_PC,initial_equal_weight,0.05,10,1005,51,0.03512884619015783,0.019423875204799688,0.10286427026764959,9.72154857462199,AAPL,11.683918937022906,PG,5.975733441800612,1.9752695167799519e-16,True,AAPL,11.6839,JPM,11.397,XOM,11.2924
A1_PC,quantum_optimal,0.05,10,1005,51,0.031053865370286395,0.018468031620201122,0.17236479610668226,5.801648727510848,PG,25.195225143754474,UNH,4.147078374159104,1.1172351366194853e-16,True,PG,25.1952,LIN,21.8886,NEE,21.6802
A1_PC,classical_slsqp,0.05,10,1005,51,0.030823578698964967,0.018189738947814834,0.18713844012113118,5.3436375730861005,LIN,25.2521920883923,JPM,0.0,2.251164269948968e-16,True,LIN,25.2522,PG,24.75,NEE,19.0067
A1_PC,classical_markowitz,0.05,10,1005,51,0.03512884619015783,0.019423875204799688,0.10286427026764959,9.72154857462199,AAPL,11.683918937022906,PG,5.975733441800612,1.9752695167799519e-16,True,AAPL,11.6839,JPM,11.397,XOM,11.2924
A1_PC,classical_risk_parity,0.05,10,1005,51,0.03420744303901089,0.018743045703303964,0.10040616291844158,9.959548009142477,XOM,10.969936538020306,NEE,8.693032941491225,2.0284748836660388e-16,True,XOM,10.9699,AAPL,10.6901,UNH,10.4275
A1_PC,oos_equal_weight,0.05,10,501,26,0.0193058855737227,0.013492446531317391,0.11314960805029288,8.837856509016971,AAPL,14.199459780164748,PG,1.9786183151379624,1.797092880668323e-16,True,AAPL,14.1995,CAT,13.6888,GOOGL,12.9747
A1_PC,oos_quantum_cvar,0.05,10,501,26,0.01779146061856332,0.011341264608051651,0.2349496994669965,4.256230172962917,NEE,31.970741277572586,UNH,1.3711211381952315,1.950063025367043e-16,True,NEE,31.9707,PG,30.3116,LIN,18.6901
A1_PC,oos_classical_cvar,0.05,10,501,26,0.01730441567263049,0.011574003206566064,0.24038414212075013,4.160008190131271,PG,41.22139471925409,MSFT,0.734810075286477,0.0,True,PG,41.2214,CAT,18.8436,NEE,15.9403
A1_PC,oos_inverse_vol,0.05,10,501,26,0.018674024949917108,0.013433162431575378,0.10815027958005662,9.246393110428947,UNH,14.337481648894848,PG,5.133299721994833,1.857899923159752e-16,True,UNH,14.3375,AAPL,13.1871,GOOGL,11.8873
A3_PA,initial_equal_weight,0.05,10,1005,51,0.03723227742586289,0.022051258028494364,0.11916193414456788,8.391941664750043,OXY,17.36475549015394,CLX,3.1364569994262825,0.0,True,OXY,17.3648,AAL,15.5182,NFLX,13.6632
A3_PA,quantum_optimal,0.05,10,1005,51,0.027681880696541778,0.016100899185368927,0.2111666148598958,4.735597057629006,CLX,30.572441481441608,AAP,1.9933774865330416,1.2533277597670296e-16,True,CLX,30.5724,CBOE,27.8529,CHRW,16.5266
A3_PA,classical_slsqp,0.05,10,1005,51,0.027168598140584223,0.015979470039889036,0.22309127780875068,4.48247017912224,CBOE,28.62139038308525,NFLX,0.0,1.277006245961162e-16,True,CBOE,28.6214,CLX,26.7612,CHRW,21.8125
A3_PA,classical_markowitz,0.05,10,1005,51,0.02789679400014914,0.01644103849374224,0.20101383205110562,4.974782032640225,CLX,30.898366566352237,OXY,3.402940804340109e-16,1.2436722843259128e-16,True,CLX,30.8984,CHRW,20.7856,NEM,17.7931
A3_PA,classical_risk_parity,0.05,10,1005,51,0.0327576194266054,0.019307688054749483,0.10180109832222996,9.823076729827712,NFLX,13.350974679423016,DXCM,8.640020696290469,0.0,True,NFLX,13.351,AAP,11.4209,CLX,10.3423
A3_PA,oos_equal_weight,0.05,10,501,26,0.027031708298093253,0.01718249094672937,0.1730902493002707,5.777332946497964,FMC,27.306487495021525,CBOE,-0.8938524875288832,1.2834730656657062e-16,True,FMC,27.3065,AAP,20.5083,DXCM,16.6545
A3_PA,oos_quantum_cvar,0.05,10,501,26,0.018367146156254528,0.014415579227201629,0.2172921048422769,4.602100019813686,CLX,35.47233450557654,NFLX,0.24511738559015642,1.8889417672390993e-16,True,CLX,35.4723,CBOE,23.8358,CHRW,11.6329
A3_PA,oos_classical_cvar,0.05,10,501,26,0.01886560599587444,0.014526547122628925,0.2033422516979272,4.917817087446926,CLX,31.328463794681277,NFLX,-0.0,0.0,True,CLX,31.3285,CBOE,22.2336,CHRW,14.53
A3_PA,oos_inverse_vol,0.05,10,501,26,0.024665935366934504,0.015720340504769066,0.1823850036986299,5.482906926121975,FMC,32.16546982835949,CBOE,0.8170910143466822,0.0,True,FMC,32.1655,AAP,19.7151,DXCM,14.1107
A3_PB,initial_equal_weight,0.05,10,1005,51,0.047654276217407164,0.02876418229521975,0.10539438359374595,9.488171626437023,IVZ,13.41977781089334,BRK-B,6.171807006993363,2.912181006485392e-16,True,IVZ,13.4198,AIG,12.535,AMP,12.2066
A3_PB,quantum_optimal,0.05,10,1005,51,0.03834301760926401,0.022004099490220013,0.20492159712524227,4.87991511889705,ITW,30.548738268309055,BAC,2.0855221659577747,1.8096890481125175e-16,True,ITW,30.5487,BRK-B,25.1561,MCO,19.4975
A3_PB,classical_slsqp,0.05,10,1005,51,0.037477020815738026,0.021803113174012616,0.27141821537855576,3.6843510985630337,MCO,34.27048764912978,AMP,3.4398653203361294e-16,0.0,True,MCO,34.2705,ITW,29.234,BRK-B,24.692
A3_PB,classical_markowitz,0.05,10,1005,51,0.03849497978524345,0.02237332849762955,0.1873479030432532,5.337663159054036,BRK-B,22.46475786644637,AIG,0.0,1.8025451481252582e-16,True,BRK-B,22.4648,MCO,22.1034,ITW,21.8127
A3_PB,classical_risk_parity,0.05,10,1005,51,0.04524799415641071,0.02681114399642238,0.10014861826856142,9.985160227756426,AIG,10.756527132869621,TROW,9.439218886294919,1.5335251944917379e-16,True,AIG,10.7565,L,10.4348,MCO,10.251
A3_PB,oos_equal_weight,0.05,10,501,26,0.028428089465468317,0.01686799161922508,0.10920009332215119,9.157501331522676,IVZ,15.812824674373182,BRK-B,6.053420875510422,1.220429166078093e-16,True,IVZ,15.8128,PRU,12.8949,TROW,11.4863
A3_PB,oos_quantum_cvar,0.05,10,501,26,0.023583296964641946,0.014569612891705313,0.20768371627130436,4.815013993170585,ITW,28.899964901381818,AIG,1.8766867732475065,1.4711458525731802e-16,True,ITW,28.9,MCO,24.5369,BRK-B,23.0238
A3_PB,oos_classical_cvar,0.05,10,501,26,0.023822606697868697,0.014091374041561052,0.30549250506790154,3.2734027297256634,MCO,42.744303628211334,BAC,0.0,1.4563674731127827e-16,True,MCO,42.7443,ITW,26.5531,BRK-B,22.0216
A3_PB,oos_inverse_vol,0.05,10,501,26,0.026938453560556293,0.01572062006247574,0.10270237341237809,9.736873324092782,IVZ,11.751792832684128,AIG,7.257736413189499,0.0,True,IVZ,11.7518,TROW,11.6672,PRU,11.6547
A3_PC,initial_equal_weight,0.05,10,1005,51,0.03512884619015783,0.019423875204799688,0.10286427026764959,9.72154857462199,AAPL,11.683918937022906,PG,5.975733441800612,1.9752695167799519e-16,True,AAPL,11.6839,JPM,11.397,XOM,11.2924
A3_PC,quantum_optimal,0.05,10,1005,51,0.031057611492594416,0.018563876012441256,0.17344402065964976,5.765549000748235,PG,25.18352852630053,UNH,3.95378990901862,1.1171003774004903e-16,True,PG,25.1835,LIN,22.1752,NEE,21.7106
A3_PC,classical_slsqp,0.05,10,1005,51,0.030823578698964967,0.018189738947814834,0.18713844012113118,5.3436375730861005,LIN,25.2521920883923,JPM,0.0,2.251164269948968e-16,True,LIN,25.2522,PG,24.75,NEE,19.0067
A3_PC,classical_markowitz,0.05,10,1005,51,0.03512884619015783,0.019423875204799688,0.10286427026764959,9.72154857462199,AAPL,11.683918937022906,PG,5.975733441800612,1.9752695167799519e-16,True,AAPL,11.6839,JPM,11.397,XOM,11.2924
A3_PC,classical_risk_parity,0.05,10,1005,51,0.03420744303901089,0.018743045703303964,0.10040616291844158,9.959548009142477,XOM,10.969936538020306,NEE,8.693032941491225,2.0284748836660388e-16,True,XOM,10.9699,AAPL,10.6901,UNH,10.4275
A3_PC,oos_equal_weight,0.05,10,501,26,0.0193058855737227,0.013492446531317391,0.11314960805029288,8.837856509016971,AAPL,14.199459780164748,PG,1.9786183151379624,1.797092880668323e-16,True,AAPL,14.1995,CAT,13.6888,GOOGL,12.9747
A3_PC,oos_quantum_cvar,0.05,10,501,26,0.017815741292603014,0.011410574879623275,0.23541879110051495,4.2477492783192385,NEE,31.972484715405418,UNH,1.305452367348516,0.0,True,NEE,31.9725,PG,30.2671,LIN,18.9093
A3_PC,oos_classical_cvar,0.05,10,501,26,0.01730441567263049,0.011574003206566064,0.24038414212075013,4.160008190131271,PG,41.22139471925409,MSFT,0.734810075286477,0.0,True,PG,41.2214,CAT,18.8436,NEE,15.9403
A3_PC,oos_inverse_vol,0.05,10,501,26,0.018674024949917108,0.013433162431575378,0.10815027958005662,9.246393110428947,UNH,14.337481648894848,PG,5.133299721994833,1.857899923159752e-16,True,UNH,14.3375,AAPL,13.1871,GOOGL,11.8873
B2_n3_PA,initial_equal_weight,0.05,10,1005,51,0.03723227742586289,0.022051258028494364,0.11916193414456788,8.391941664750043,OXY,17.36475549015394,CLX,3.1364569994262825,0.0,True,OXY,17.3648,AAL,15.5182,NFLX,13.6632
B2_n3_PA,quantum_optimal,0.05,10,1005,51,0.03317015698742578,0.019585712530658793,0.1137376998220576,8.79215951759617,NFLX,16.70370216347222,AAL,4.410428197989494,2.0919086715620403e-16,True,NFLX,16.7037,OXY,15.1019,CBOE,12.7913
B2_n3_PA,classical_slsqp,0.05,10,1005,51,0.027168598140584223,0.015979470039889036,0.22309127780875068,4.48247017912224,CBOE,28.62139038308525,NFLX,0.0,1.277006245961162e-16,True,CBOE,28.6214,CLX,26.7612,CHRW,21.8125
B2_n3_PA,classical_markowitz,0.05,10,1005,51,0.02789679400014914,0.01644103849374224,0.20101383205110562,4.974782032640225,CLX,30.898366566352237,OXY,3.402940804340109e-16,1.2436722843259128e-16,True,CLX,30.8984,CHRW,20.7856,NEM,17.7931
B2_n3_PA,classical_risk_parity,0.05,10,1005,51,0.0327576194266054,0.019307688054749483,0.10180109832222996,9.823076729827712,NFLX,13.350974679423016,DXCM,8.640020696290469,0.0,True,NFLX,13.351,AAP,11.4209,CLX,10.3423
B2_n3_PA,oos_equal_weight,0.05,10,501,26,0.027031708298093253,0.01718249094672937,0.1730902493002707,5.777332946497964,FMC,27.306487495021525,CBOE,-0.8938524875288832,1.2834730656657062e-16,True,FMC,27.3065,AAP,20.5083,DXCM,16.6545
B2_n3_PA,oos_quantum_cvar,0.05,10,501,26,0.02202488538952694,0.014317821003200231,0.15124973313157,6.6115819135370915,FMC,25.33297782815296,NEM,2.6076877263177654,0.0,True,FMC,25.333,DXCM,17.6992,CLX,15.2631
B2_n3_PA,oos_classical_cvar,0.05,10,501,26,0.01886560599587444,0.014526547122628925,0.2033422516979272,4.917817087446926,CLX,31.328463794681277,NFLX,-0.0,0.0,True,CLX,31.3285,CBOE,22.2336,CHRW,14.53
B2_n3_PA,oos_inverse_vol,0.05,10,501,26,0.024665935366934504,0.015720340504769066,0.1823850036986299,5.482906926121975,FMC,32.16546982835949,CBOE,0.8170910143466822,0.0,True,FMC,32.1655,AAP,19.7151,DXCM,14.1107
B2_n6_PA,initial_equal_weight,0.05,10,1005,51,0.03723227742586289,0.022051258028494364,0.11916193414456788,8.391941664750043,OXY,17.36475549015394,CLX,3.1364569994262825,0.0,True,OXY,17.3648,AAL,15.5182,NFLX,13.6632
B2_n6_PA,quantum_optimal,0.05,10,1005,51,0.03723227742586289,0.022051258028494364,0.11916193414456788,8.391941664750043,OXY,17.36475549015394,CLX,3.1364569994262825,0.0,True,OXY,17.3648,AAL,15.5182,NFLX,13.6632
B2_n6_PA,classical_slsqp,0.05,10,1005,51,0.027168598140584223,0.015979470039889036,0.22309127780875068,4.48247017912224,CBOE,28.62139038308525,NFLX,0.0,1.277006245961162e-16,True,CBOE,28.6214,CLX,26.7612,CHRW,21.8125
B2_n6_PA,classical_markowitz,0.05,10,1005,51,0.02789679400014914,0.01644103849374224,0.20101383205110562,4.974782032640225,CLX,30.898366566352237,OXY,3.402940804340109e-16,1.2436722843259128e-16,True,CLX,30.8984,CHRW,20.7856,NEM,17.7931
B2_n6_PA,classical_risk_parity,0.05,10,1005,51,0.0327576194266054,0.019307688054749483,0.10180109832222996,9.823076729827712,NFLX,13.350974679423016,DXCM,8.640020696290469,0.0,True,NFLX,13.351,AAP,11.4209,CLX,10.3423
B2_n6_PA,oos_equal_weight,0.05,10,501,26,0.027031708298093253,0.01718249094672937,0.1730902493002707,5.777332946497964,FMC,27.306487495021525,CBOE,-0.8938524875288832,1.2834730656657062e-16,True,FMC,27.3065,AAP,20.5083,DXCM,16.6545
B2_n6_PA,oos_quantum_cvar,0.05,10,501,26,0.027031708298093253,0.01718249094672937,0.1730902493002707,5.777332946497964,FMC,27.306487495021525,CBOE,-0.8938524875288832,1.2834730656657062e-16,True,FMC,27.3065,AAP,20.5083,DXCM,16.6545
B2_n6_PA,oos_classical_cvar,0.05,10,501,26,0.01886560599587444,0.014526547122628925,0.2033422516979272,4.917817087446926,CLX,31.328463794681277,NFLX,-0.0,0.0,True,CLX,31.3285,CBOE,22.2336,CHRW,14.53
B2_n6_PA,oos_inverse_vol,0.05,10,501,26,0.024665935366934504,0.015720340504769066,0.1823850036986299,5.482906926121975,FMC,32.16546982835949,CBOE,0.8170910143466822,0.0,True,FMC,32.1655,AAP,19.7151,DXCM,14.1107
B2_PA,initial_equal_weight,0.05,10,1005,51,0.03723227742586289,0.022051258028494364,0.11916193414456788,8.391941664750043,OXY,17.36475549015394,CLX,3.1364569994262825,0.0,True,OXY,17.3648,AAL,15.5182,NFLX,13.6632
B2_PA,quantum_optimal,0.05,10,1005,51,0.03723227742586289,0.022051258028494364,0.11916193414456788,8.391941664750043,OXY,17.36475549015394,CLX,3.1364569994262825,0.0,True,OXY,17.3648,AAL,15.5182,NFLX,13.6632
B2_PA,classical_slsqp,0.05,10,1005,51,0.027168598140584223,0.015979470039889036,0.22309127780875068,4.48247017912224,CBOE,28.62139038308525,NFLX,0.0,1.277006245961162e-16,True,CBOE,28.6214,CLX,26.7612,CHRW,21.8125
B2_PA,classical_markowitz,0.05,10,1005,51,0.02789679400014914,0.01644103849374224,0.20101383205110562,4.974782032640225,CLX,30.898366566352237,OXY,3.402940804340109e-16,1.2436722843259128e-16,True,CLX,30.8984,CHRW,20.7856,NEM,17.7931
B2_PA,classical_risk_parity,0.05,10,1005,51,0.0327576194266054,0.019307688054749483,0.10180109832222996,9.823076729827712,NFLX,13.350974679423016,DXCM,8.640020696290469,0.0,True,NFLX,13.351,AAP,11.4209,CLX,10.3423
B2_PA,oos_equal_weight,0.05,10,501,26,0.027031708298093253,0.01718249094672937,0.1730902493002707,5.777332946497964,FMC,27.306487495021525,CBOE,-0.8938524875288832,1.2834730656657062e-16,True,FMC,27.3065,AAP,20.5083,DXCM,16.6545
B2_PA,oos_quantum_cvar,0.05,10,501,26,0.027031708298093253,0.01718249094672937,0.1730902493002707,5.777332946497964,FMC,27.306487495021525,CBOE,-0.8938524875288832,1.2834730656657062e-16,True,FMC,27.3065,AAP,20.5083,DXCM,16.6545
B2_PA,oos_classical_cvar,0.05,10,501,26,0.01886560599587444,0.014526547122628925,0.2033422516979272,4.917817087446926,CLX,31.328463794681277,NFLX,-0.0,0.0,True,CLX,31.3285,CBOE,22.2336,CHRW,14.53
B2_PA,oos_inverse_vol,0.05,10,501,26,0.024665935366934504,0.015720340504769066,0.1823850036986299,5.482906926121975,FMC,32.16546982835949,CBOE,0.8170910143466822,0.0,True,FMC,32.1655,AAP,19.7151,DXCM,14.1107
B2_PB,initial_equal_weight,0.05,10,1005,51,0.047654276217407164,0.02876418229521975,0.10539438359374595,9.488171626437023,IVZ,13.41977781089334,BRK-B,6.171807006993363,2.912181006485392e-16,True,IVZ,13.4198,AIG,12.535,AMP,12.2066
B2_PB,quantum_optimal,0.05,10,1005,51,0.04154976367121799,0.024496908092971295,0.19378797451301283,5.160278920882421,AMP,28.97966692067789,TROW,1.7044615970460733,1.6700200652919033e-16,True,AMP,28.9797,BRK-B,22.0908,MCO,17.1834
B2_PB,classical_slsqp,0.05,10,1005,51,0.037477020815738026,0.021803113174012616,0.27141821537855576,3.6843510985630337,MCO,34.27048764912978,AMP,3.4398653203361294e-16,0.0,True,MCO,34.2705,ITW,29.234,BRK-B,24.692
B2_PB,classical_markowitz,0.05,10,1005,51,0.03849497978524345,0.02237332849762955,0.1873479030432532,5.337663159054036,BRK-B,22.46475786644637,AIG,0.0,1.8025451481252582e-16,True,BRK-B,22.4648,MCO,22.1034,ITW,21.8127
B2_PB,classical_risk_parity,0.05,10,1005,51,0.04524799415641071,0.02681114399642238,0.10014861826856142,9.985160227756426,AIG,10.756527132869621,TROW,9.439218886294919,1.5335251944917379e-16,True,AIG,10.7565,L,10.4348,MCO,10.251
B2_PB,oos_equal_weight,0.05,10,501,26,0.028428089465468317,0.01686799161922508,0.10920009332215119,9.157501331522676,IVZ,15.812824674373182,BRK-B,6.053420875510422,1.220429166078093e-16,True,IVZ,15.8128,PRU,12.8949,TROW,11.4863
B2_PB,oos_quantum_cvar,0.05,10,501,26,0.02464220008524644,0.015689477308591996,0.1906997104848269,5.2438464508291185,AMP,26.62096708661339,L,1.3048029865117912,0.0,True,AMP,26.621,MCO,21.7629,BRK-B,21.7464
B2_PB,oos_classical_cvar,0.05,10,501,26,0.023822606697868697,0.014091374041561052,0.30549250506790154,3.2734027297256634,MCO,42.744303628211334,BAC,0.0,1.4563674731127827e-16,True,MCO,42.7443,ITW,26.5531,BRK-B,22.0216
B2_PB,oos_inverse_vol,0.05,10,501,26,0.026938453560556293,0.01572062006247574,0.10270237341237809,9.736873324092782,IVZ,11.751792832684128,AIG,7.257736413189499,0.0,True,IVZ,11.7518,TROW,11.6672,PRU,11.6547
B2_PC,initial_equal_weight,0.05,10,1005,51,0.03512884619015783,0.019423875204799688,0.10286427026764959,9.72154857462199,AAPL,11.683918937022906,PG,5.975733441800612,1.9752695167799519e-16,True,AAPL,11.6839,JPM,11.397,XOM,11.2924
B2_PC,quantum_optimal,0.05,10,1005,51,0.03254669289646373,0.018013792010657306,0.17624941208454306,5.673777791215107,UNH,33.29480054780172,AAPL,3.5983565172018936,4.2639625021078203e-16,True,UNH,33.2948,PG,14.8454,NEE,12.4418
B2_PC,classical_slsqp,0.05,10,1005,51,0.030823578698964967,0.018189738947814834,0.18713844012113118,5.3436375730861005,LIN,25.2521920883923,JPM,0.0,2.251164269948968e-16,True,LIN,25.2522,PG,24.75,NEE,19.0067
B2_PC,classical_markowitz,0.05,10,1005,51,0.03512884619015783,0.019423875204799688,0.10286427026764959,9.72154857462199,AAPL,11.683918937022906,PG,5.975733441800612,1.9752695167799519e-16,True,AAPL,11.6839,JPM,11.397,XOM,11.2924
B2_PC,classical_risk_parity,0.05,10,1005,51,0.03420744303901089,0.018743045703303964,0.10040616291844158,9.959548009142477,XOM,10.969936538020306,NEE,8.693032941491225,2.0284748836660388e-16,True,XOM,10.9699,AAPL,10.6901,UNH,10.4275
B2_PC,oos_equal_weight,0.05,10,501,26,0.0193058855737227,0.013492446531317391,0.11314960805029288,8.837856509016971,AAPL,14.199459780164748,PG,1.9786183151379624,1.797092880668323e-16,True,AAPL,14.1995,CAT,13.6888,GOOGL,12.9747
B2_PC,oos_quantum_cvar,0.05,10,501,26,0.023555755528346174,0.013508752763895125,0.5242618468745367,1.9074437820750176,UNH,71.31657515885065,MSFT,0.7337617306930055,2.9457318384701825e-16,True,UNH,71.3166,PG,8.092,NEE,6.6035
B2_PC,oos_classical_cvar,0.05,10,501,26,0.01730441567263049,0.011574003206566064,0.24038414212075013,4.160008190131271,PG,41.22139471925409,MSFT,0.734810075286477,0.0,True,PG,41.2214,CAT,18.8436,NEE,15.9403
B2_PC,oos_inverse_vol,0.05,10,501,26,0.018674024949917108,0.013433162431575378,0.10815027958005662,9.246393110428947,UNH,14.337481648894848,PG,5.133299721994833,1.857899923159752e-16,True,UNH,14.3375,AAPL,13.1871,GOOGL,11.8873
C2_PA,initial_equal_weight,0.05,10,1005,51,0.03723227742586289,0.022051258028494364,0.11916193414456788,8.391941664750043,OXY,17.36475549015394,CLX,3.1364569994262825,0.0,True,OXY,17.3648,AAL,15.5182,NFLX,13.6632
C2_PA,quantum_optimal,0.05,10,1005,51,0.030216171407401383,0.01833538702143445,0.1416157816447549,7.061359887900865,FMC,21.926652847746894,AAL,3.132782139079566,1.1482086546224934e-16,True,FMC,21.9267,CHRW,17.8566,NEM,17.3887
C2_PA,classical_slsqp,0.05,10,1005,51,0.027168598140584223,0.015979470039889036,0.22309127780875068,4.48247017912224,CBOE,28.62139038308525,NFLX,0.0,1.277006245961162e-16,True,CBOE,28.6214,CLX,26.7612,CHRW,21.8125
C2_PA,classical_markowitz,0.05,10,1005,51,0.02789679400014914,0.01644103849374224,0.20101383205110562,4.974782032640225,CLX,30.898366566352237,OXY,3.402940804340109e-16,1.2436722843259128e-16,True,CLX,30.8984,CHRW,20.7856,NEM,17.7931
C2_PA,classical_risk_parity,0.05,10,1005,51,0.0327576194266054,0.019307688054749483,0.10180109832222996,9.823076729827712,NFLX,13.350974679423016,DXCM,8.640020696290469,0.0,True,NFLX,13.351,AAP,11.4209,CLX,10.3423
C2_PA,oos_equal_weight,0.05,10,501,26,0.027031708298093253,0.01718249094672937,0.1730902493002707,5.777332946497964,FMC,27.306487495021525,CBOE,-0.8938524875288832,1.2834730656657062e-16,True,FMC,27.3065,AAP,20.5083,DXCM,16.6545
C2_PA,oos_quantum_cvar,0.05,10,501,26,0.027612751023163615,0.015954993897715535,0.310326178276839,3.222415864342291,FMC,51.54883399136819,NFLX,1.0184758076212144,1.2564655180655706e-16,True,FMC,51.5488,NEM,15.8612,DXCM,8.6035
C2_PA,oos_classical_cvar,0.05,10,501,26,0.01886560599587444,0.014526547122628925,0.2033422516979272,4.917817087446926,CLX,31.328463794681277,NFLX,-0.0,0.0,True,CLX,31.3285,CBOE,22.2336,CHRW,14.53
C2_PA,oos_inverse_vol,0.05,10,501,26,0.024665935366934504,0.015720340504769066,0.1823850036986299,5.482906926121975,FMC,32.16546982835949,CBOE,0.8170910143466822,0.0,True,FMC,32.1655,AAP,19.7151,DXCM,14.1107
C2_PB,initial_equal_weight,0.05,10,1005,51,0.047654276217407164,0.02876418229521975,0.10539438359374595,9.488171626437023,IVZ,13.41977781089334,BRK-B,6.171807006993363,2.912181006485392e-16,True,IVZ,13.4198,AIG,12.535,AMP,12.2066
C2_PB,quantum_optimal,0.05,10,1005,51,0.04040733788873931,0.024462409877542893,0.19732444284886702,5.0677958876382645,ITW,28.009260062282927,TROW,1.5478485089981069,1.717236092863416e-16,True,ITW,28.0093,BRK-B,23.9782,BAC,21.2943
C2_PB,classical_slsqp,0.05,10,1005,51,0.037477020815738026,0.021803113174012616,0.27141821537855576,3.6843510985630337,MCO,34.27048764912978,AMP,3.4398653203361294e-16,0.0,True,MCO,34.2705,ITW,29.234,BRK-B,24.692
C2_PB,classical_markowitz,0.05,10,1005,51,0.03849497978524345,0.02237332849762955,0.1873479030432532,5.337663159054036,BRK-B,22.46475786644637,AIG,0.0,1.8025451481252582e-16,True,BRK-B,22.4648,MCO,22.1034,ITW,21.8127
C2_PB,classical_risk_parity,0.05,10,1005,51,0.04524799415641071,0.02681114399642238,0.10014861826856142,9.985160227756426,AIG,10.756527132869621,TROW,9.439218886294919,1.5335251944917379e-16,True,AIG,10.7565,L,10.4348,MCO,10.251
C2_PB,oos_equal_weight,0.05,10,501,26,0.028428089465468317,0.01686799161922508,0.10920009332215119,9.157501331522676,IVZ,15.812824674373182,BRK-B,6.053420875510422,1.220429166078093e-16,True,IVZ,15.8128,PRU,12.8949,TROW,11.4863
C2_PB,oos_quantum_cvar,0.05,10,501,26,0.023729167270579894,0.01598350194224294,0.2018829832131191,4.953364489092889,ITW,27.915961226446917,L,1.2779046796725482,0.0,True,ITW,27.916,BRK-B,24.3456,BAC,22.7836
C2_PB,oos_classical_cvar,0.05,10,501,26,0.023822606697868697,0.014091374041561052,0.30549250506790154,3.2734027297256634,MCO,42.744303628211334,BAC,0.0,1.4563674731127827e-16,True,MCO,42.7443,ITW,26.5531,BRK-B,22.0216
C2_PB,oos_inverse_vol,0.05,10,501,26,0.026938453560556293,0.01572062006247574,0.10270237341237809,9.736873324092782,IVZ,11.751792832684128,AIG,7.257736413189499,0.0,True,IVZ,11.7518,TROW,11.6672,PRU,11.6547
C2_PC,initial_equal_weight,0.05,10,1005,51,0.03512884619015783,0.019423875204799688,0.10286427026764959,9.72154857462199,AAPL,11.683918937022906,PG,5.975733441800612,1.9752695167799519e-16,True,AAPL,11.6839,JPM,11.397,XOM,11.2924
C2_PC,quantum_optimal,0.05,10,1005,51,0.03509354306482865,0.019212820999100336,0.1048504265562165,9.537395629609966,JPM,13.030719852330689,NEE,6.559787685187373,1.9772565828103316e-16,True,JPM,13.0307,MSFT,11.9309,GOOGL,11.9132
C2_PC,classical_slsqp,0.05,10,1005,51,0.030823578698964967,0.018189738947814834,0.18713844012113118,5.3436375730861005,LIN,25.2521920883923,JPM,0.0,2.251164269948968e-16,True,LIN,25.2522,PG,24.75,NEE,19.0067
C2_PC,classical_markowitz,0.05,10,1005,51,0.03512884619015783,0.019423875204799688,0.10286427026764959,9.72154857462199,AAPL,11.683918937022906,PG,5.975733441800612,1.9752695167799519e-16,True,AAPL,11.6839,JPM,11.397,XOM,11.2924
C2_PC,classical_risk_parity,0.05,10,1005,51,0.03420744303901089,0.018743045703303964,0.10040616291844158,9.959548009142477,XOM,10.969936538020306,NEE,8.693032941491225,2.0284748836660388e-16,True,XOM,10.9699,AAPL,10.6901,UNH,10.4275
C2_PC,oos_equal_weight,0.05,10,501,26,0.0193058855737227,0.013492446531317391,0.11314960805029288,8.837856509016971,AAPL,14.199459780164748,PG,1.9786183151379624,1.797092880668323e-16,True,AAPL,14.1995,CAT,13.6888,GOOGL,12.9747
C2_PC,oos_quantum_cvar,0.05,10,501,26,0.019383935078443087,0.012991051711045982,0.1179839963147283,8.475725786846965,CAT,16.00048713119089,PG,3.281601723081272,1.7898568778285965e-16,True,CAT,16.0005,GOOGL,14.871,JPM,13.2147
C2_PC,oos_classical_cvar,0.05,10,501,26,0.01730441567263049,0.011574003206566064,0.24038414212075013,4.160008190131271,PG,41.22139471925409,MSFT,0.734810075286477,0.0,True,PG,41.2214,CAT,18.8436,NEE,15.9403
C2_PC,oos_inverse_vol,0.05,10,501,26,0.018674024949917108,0.013433162431575378,0.10815027958005662,9.246393110428947,UNH,14.337481648894848,PG,5.133299721994833,1.857899923159752e-16,True,UNH,14.3375,AAPL,13.1871,GOOGL,11.8873
D1_n3_PA,initial_equal_weight,0.05,10,1005,51,0.03723227742586289,0.022051258028494364,0.11916193414456788,8.391941664750043,OXY,17.36475549015394,CLX,3.1364569994262825,0.0,True,OXY,17.3648,AAL,15.5182,NFLX,13.6632
D1_n3_PA,quantum_optimal,0.05,10,1005,51,0.02804749669144234,0.016148096477955752,0.2240266163390188,4.463755317746276,CBOE,28.991677739987576,DXCM,1.2311838038138259,1.2369898783202512e-16,True,CBOE,28.9917,CLX,26.6938,CHRW,24.8839
D1_n3_PA,classical_slsqp,0.05,10,1005,51,0.027168598140584223,0.015979470039889036,0.22309127780875068,4.48247017912224,CBOE,28.62139038308525,NFLX,0.0,1.277006245961162e-16,True,CBOE,28.6214,CLX,26.7612,CHRW,21.8125
D1_n3_PA,classical_markowitz,0.05,10,1005,51,0.02789679400014914,0.01644103849374224,0.20101383205110562,4.974782032640225,CLX,30.898366566352237,OXY,3.402940804340109e-16,1.2436722843259128e-16,True,CLX,30.8984,CHRW,20.7856,NEM,17.7931
D1_n3_PA,classical_risk_parity,0.05,10,1005,51,0.0327576194266054,0.019307688054749483,0.10180109832222996,9.823076729827712,NFLX,13.350974679423016,DXCM,8.640020696290469,0.0,True,NFLX,13.351,AAP,11.4209,CLX,10.3423
D1_n3_PA,oos_equal_weight,0.05,10,501,26,0.027031708298093253,0.01718249094672937,0.1730902493002707,5.777332946497964,FMC,27.306487495021525,CBOE,-0.8938524875288832,1.2834730656657062e-16,True,FMC,27.3065,AAP,20.5083,DXCM,16.6545
D1_n3_PA,oos_quantum_cvar,0.05,10,501,26,0.0182064335499116,0.014056161645759986,0.25419797350941065,3.933941668354721,CLX,38.08240726628351,NFLX,0.12870983171189976,0.0,True,CLX,38.0824,CHRW,23.8412,CBOE,21.4741
D1_n3_PA,oos_classical_cvar,0.05,10,501,26,0.01886560599587444,0.014526547122628925,0.2033422516979272,4.917817087446926,CLX,31.328463794681277,NFLX,-0.0,0.0,True,CLX,31.3285,CBOE,22.2336,CHRW,14.53
D1_n3_PA,oos_inverse_vol,0.05,10,501,26,0.024665935366934504,0.015720340504769066,0.1823850036986299,5.482906926121975,FMC,32.16546982835949,CBOE,0.8170910143466822,0.0,True,FMC,32.1655,AAP,19.7151,DXCM,14.1107
D1_n6_PA,initial_equal_weight,0.05,10,1005,51,0.03723227742586289,0.022051258028494364,0.11916193414456788,8.391941664750043,OXY,17.36475549015394,CLX,3.1364569994262825,0.0,True,OXY,17.3648,AAL,15.5182,NFLX,13.6632
D1_n6_PA,quantum_optimal,0.05,10,1005,51,0.029501569962830012,0.017392163804463394,0.16564544909951215,6.036990484412561,DXCM,22.36942264826918,OXY,1.7275248247241894,3.528063377296292e-16,True,DXCM,22.3694,NEM,20.2713,CHRW,17.9709
D1_n6_PA,classical_slsqp,0.05,10,1005,51,0.027168598140584223,0.015979470039889036,0.22309127780875068,4.48247017912224,CBOE,28.62139038308525,NFLX,0.0,1.277006245961162e-16,True,CBOE,28.6214,CLX,26.7612,CHRW,21.8125
D1_n6_PA,classical_markowitz,0.05,10,1005,51,0.02789679400014914,0.01644103849374224,0.20101383205110562,4.974782032640225,CLX,30.898366566352237,OXY,3.402940804340109e-16,1.2436722843259128e-16,True,CLX,30.8984,CHRW,20.7856,NEM,17.7931
D1_n6_PA,classical_risk_parity,0.05,10,1005,51,0.0327576194266054,0.019307688054749483,0.10180109832222996,9.823076729827712,NFLX,13.350974679423016,DXCM,8.640020696290469,0.0,True,NFLX,13.351,AAP,11.4209,CLX,10.3423
D1_n6_PA,oos_equal_weight,0.05,10,501,26,0.027031708298093253,0.01718249094672937,0.1730902493002707,5.777332946497964,FMC,27.306487495021525,CBOE,-0.8938524875288832,1.2834730656657062e-16,True,FMC,27.3065,AAP,20.5083,DXCM,16.6545
D1_n6_PA,oos_quantum_cvar,0.05,10,501,26,0.02250627888461818,0.014230193562911341,0.2570126693693658,3.8908587753814188,DXCM,38.518547383894195,NFLX,0.5243481169900143,1.5415462368257772e-16,True,DXCM,38.5185,NEM,26.7401,CHRW,17.315
D1_n6_PA,oos_classical_cvar,0.05,10,501,26,0.01886560599587444,0.014526547122628925,0.2033422516979272,4.917817087446926,CLX,31.328463794681277,NFLX,-0.0,0.0,True,CLX,31.3285,CBOE,22.2336,CHRW,14.53
D1_n6_PA,oos_inverse_vol,0.05,10,501,26,0.024665935366934504,0.015720340504769066,0.1823850036986299,5.482906926121975,FMC,32.16546982835949,CBOE,0.8170910143466822,0.0,True,FMC,32.1655,AAP,19.7151,DXCM,14.1107
D1_PA,initial_equal_weight,0.05,10,1005,51,0.03723227742586289,0.022051258028494364,0.11916193414456788,8.391941664750043,OXY,17.36475549015394,CLX,3.1364569994262825,0.0,True,OXY,17.3648,AAL,15.5182,NFLX,13.6632
D1_PA,quantum_optimal,0.05,10,1005,51,0.029501569962830012,0.017392163804463394,0.16564544909951215,6.036990484412561,DXCM,22.36942264826918,OXY,1.7275248247241894,3.528063377296292e-16,True,DXCM,22.3694,NEM,20.2713,CHRW,17.9709
D1_PA,classical_slsqp,0.05,10,1005,51,0.027168598140584223,0.015979470039889036,0.22309127780875068,4.48247017912224,CBOE,28.62139038308525,NFLX,0.0,1.277006245961162e-16,True,CBOE,28.6214,CLX,26.7612,CHRW,21.8125
D1_PA,classical_markowitz,0.05,10,1005,51,0.02789679400014914,0.01644103849374224,0.20101383205110562,4.974782032640225,CLX,30.898366566352237,OXY,3.402940804340109e-16,1.2436722843259128e-16,True,CLX,30.8984,CHRW,20.7856,NEM,17.7931
D1_PA,classical_risk_parity,0.05,10,1005,51,0.0327576194266054,0.019307688054749483,0.10180109832222996,9.823076729827712,NFLX,13.350974679423016,DXCM,8.640020696290469,0.0,True,NFLX,13.351,AAP,11.4209,CLX,10.3423
D1_PA,oos_equal_weight,0.05,10,501,26,0.027031708298093253,0.01718249094672937,0.1730902493002707,5.777332946497964,FMC,27.306487495021525,CBOE,-0.8938524875288832,1.2834730656657062e-16,True,FMC,27.3065,AAP,20.5083,DXCM,16.6545
D1_PA,oos_quantum_cvar,0.05,10,501,26,0.02250627888461818,0.014230193562911341,0.2570126693693658,3.8908587753814188,DXCM,38.518547383894195,NFLX,0.5243481169900143,1.5415462368257772e-16,True,DXCM,38.5185,NEM,26.7401,CHRW,17.315
D1_PA,oos_classical_cvar,0.05,10,501,26,0.01886560599587444,0.014526547122628925,0.2033422516979272,4.917817087446926,CLX,31.328463794681277,NFLX,-0.0,0.0,True,CLX,31.3285,CBOE,22.2336,CHRW,14.53
D1_PA,oos_inverse_vol,0.05,10,501,26,0.024665935366934504,0.015720340504769066,0.1823850036986299,5.482906926121975,FMC,32.16546982835949,CBOE,0.8170910143466822,0.0,True,FMC,32.1655,AAP,19.7151,DXCM,14.1107
D1_PB,initial_equal_weight,0.05,10,1005,51,0.047654276217407164,0.02876418229521975,0.10539438359374595,9.488171626437023,IVZ,13.41977781089334,BRK-B,6.171807006993363,2.912181006485392e-16,True,IVZ,13.4198,AIG,12.535,AMP,12.2066
D1_PB,quantum_optimal,0.05,10,1005,51,0.03844061528088297,0.02232662153819779,0.22517682305353415,4.440954386154819,ITW,30.206237417798715,L,1.0380692200567283,0.0,True,ITW,30.2062,TROW,24.6267,BRK-B,24.3202
D1_PB,classical_slsqp,0.05,10,1005,51,0.037477020815738026,0.021803113174012616,0.27141821537855576,3.6843510985630337,MCO,34.27048764912978,AMP,3.4398653203361294e-16,0.0,True,MCO,34.2705,ITW,29.234,BRK-B,24.692
D1_PB,classical_markowitz,0.05,10,1005,51,0.03849497978524345,0.02237332849762955,0.1873479030432532,5.337663159054036,BRK-B,22.46475786644637,AIG,0.0,1.8025451481252582e-16,True,BRK-B,22.4648,MCO,22.1034,ITW,21.8127
D1_PB,classical_risk_parity,0.05,10,1005,51,0.04524799415641071,0.02681114399642238,0.10014861826856142,9.985160227756426,AIG,10.756527132869621,TROW,9.439218886294919,1.5335251944917379e-16,True,AIG,10.7565,L,10.4348,MCO,10.251
D1_PB,oos_equal_weight,0.05,10,501,26,0.028428089465468317,0.01686799161922508,0.10920009332215119,9.157501331522676,IVZ,15.812824674373182,BRK-B,6.053420875510422,1.220429166078093e-16,True,IVZ,15.8128,PRU,12.8949,TROW,11.4863
D1_PB,oos_quantum_cvar,0.05,10,501,26,0.024035205126606,0.015581019138728936,0.22350655305249284,4.474141748162254,ITW,28.295212899169407,L,0.6618799691670761,0.0,True,ITW,28.2952,TROW,26.7754,BRK-B,22.9637
D1_PB,oos_classical_cvar,0.05,10,501,26,0.023822606697868697,0.014091374041561052,0.30549250506790154,3.2734027297256634,MCO,42.744303628211334,BAC,0.0,1.4563674731127827e-16,True,MCO,42.7443,ITW,26.5531,BRK-B,22.0216
D1_PB,oos_inverse_vol,0.05,10,501,26,0.026938453560556293,0.01572062006247574,0.10270237341237809,9.736873324092782,IVZ,11.751792832684128,AIG,7.257736413189499,0.0,True,IVZ,11.7518,TROW,11.6672,PRU,11.6547
D1_PC,initial_equal_weight,0.05,10,1005,51,0.03512884619015783,0.019423875204799688,0.10286427026764959,9.72154857462199,AAPL,11.683918937022906,PG,5.975733441800612,1.9752695167799519e-16,True,AAPL,11.6839,JPM,11.397,XOM,11.2924
D1_PC,quantum_optimal,0.05,10,1005,51,0.031724216133723566,0.018533609248994803,0.1648056231985495,6.067754125083769,LIN,27.78849462068067,NEE,3.119059880193371,0.0,True,LIN,27.7885,PG,22.1388,XOM,12.6961
D1_PC,classical_slsqp,0.05,10,1005,51,0.030823578698964967,0.018189738947814834,0.18713844012113118,5.3436375730861005,LIN,25.2521920883923,JPM,0.0,2.251164269948968e-16,True,LIN,25.2522,PG,24.75,NEE,19.0067
D1_PC,classical_markowitz,0.05,10,1005,51,0.03512884619015783,0.019423875204799688,0.10286427026764959,9.72154857462199,AAPL,11.683918937022906,PG,5.975733441800612,1.9752695167799519e-16,True,AAPL,11.6839,JPM,11.397,XOM,11.2924
D1_PC,classical_risk_parity,0.05,10,1005,51,0.03420744303901089,0.018743045703303964,0.10040616291844158,9.959548009142477,XOM,10.969936538020306,NEE,8.693032941491225,2.0284748836660388e-16,True,XOM,10.9699,AAPL,10.6901,UNH,10.4275
D1_PC,oos_equal_weight,0.05,10,501,26,0.0193058855737227,0.013492446531317391,0.11314960805029288,8.837856509016971,AAPL,14.199459780164748,PG,1.9786183151379624,1.797092880668323e-16,True,AAPL,14.1995,CAT,13.6888,GOOGL,12.9747
D1_PC,oos_quantum_cvar,0.05,10,501,26,0.016684110996842645,0.01033816091717731,0.18851521433123256,5.304611638628487,PG,29.184086027201932,JPM,3.0249661844159474,0.0,True,PG,29.1841,LIN,27.1525,GOOGL,10.1918
D1_PC,oos_classical_cvar,0.05,10,501,26,0.01730441567263049,0.011574003206566064,0.24038414212075013,4.160008190131271,PG,41.22139471925409,MSFT,0.734810075286477,0.0,True,PG,41.2214,CAT,18.8436,NEE,15.9403
D1_PC,oos_inverse_vol,0.05,10,501,26,0.018674024949917108,0.013433162431575378,0.10815027958005662,9.246393110428947,UNH,14.337481648894848,PG,5.133299721994833,1.857899923159752e-16,True,UNH,14.3375,AAPL,13.1871,GOOGL,11.8873
D2_PA,initial_equal_weight,0.05,10,1005,51,0.03723227742586289,0.022051258028494364,0.11916193414456788,8.391941664750043,OXY,17.36475549015394,CLX,3.1364569994262825,0.0,True,OXY,17.3648,AAL,15.5182,NFLX,13.6632
D2_PA,quantum_optimal,0.05,10,1005,51,0.029520915909557396,0.017425613163150416,0.1656838277661695,6.035592088150604,DXCM,22.47733808816324,OXY,1.7266327759188318,1.175250443645708e-16,True,DXCM,22.4773,NEM,20.2414,CHRW,17.9295
D2_PA,classical_slsqp,0.05,10,1005,51,0.027168598140584223,0.015979470039889036,0.22309127780875068,4.48247017912224,CBOE,28.62139038308525,NFLX,0.0,1.277006245961162e-16,True,CBOE,28.6214,CLX,26.7612,CHRW,21.8125
D2_PA,classical_markowitz,0.05,10,1005,51,0.02789679400014914,0.01644103849374224,0.20101383205110562,4.974782032640225,CLX,30.898366566352237,OXY,3.402940804340109e-16,1.2436722843259128e-16,True,CLX,30.8984,CHRW,20.7856,NEM,17.7931
D2_PA,classical_risk_parity,0.05,10,1005,51,0.0327576194266054,0.019307688054749483,0.10180109832222996,9.823076729827712,NFLX,13.350974679423016,DXCM,8.640020696290469,0.0,True,NFLX,13.351,AAP,11.4209,CLX,10.3423
D2_PA,oos_equal_weight,0.05,10,501,26,0.027031708298093253,0.01718249094672937,0.1730902493002707,5.777332946497964,FMC,27.306487495021525,CBOE,-0.8938524875288832,1.2834730656657062e-16,True,FMC,27.3065,AAP,20.5083,DXCM,16.6545
D2_PA,oos_quantum_cvar,0.05,10,501,26,0.022546721418055835,0.014238681230845963,0.2575029198883282,3.883451109733715,DXCM,38.66028045702598,NFLX,0.5228068504541512,3.0775622651505e-16,True,DXCM,38.6603,NEM,26.6703,CHRW,17.2554
D2_PA,oos_classical_cvar,0.05,10,501,26,0.01886560599587444,0.014526547122628925,0.2033422516979272,4.917817087446926,CLX,31.328463794681277,NFLX,-0.0,0.0,True,CLX,31.3285,CBOE,22.2336,CHRW,14.53
D2_PA,oos_inverse_vol,0.05,10,501,26,0.024665935366934504,0.015720340504769066,0.1823850036986299,5.482906926121975,FMC,32.16546982835949,CBOE,0.8170910143466822,0.0,True,FMC,32.1655,AAP,19.7151,DXCM,14.1107
D2_PB,initial_equal_weight,0.05,10,1005,51,0.047654276217407164,0.02876418229521975,0.10539438359374595,9.488171626437023,IVZ,13.41977781089334,BRK-B,6.171807006993363,2.912181006485392e-16,True,IVZ,13.4198,AIG,12.535,AMP,12.2066
D2_PB,quantum_optimal,0.05,10,1005,51,0.038441943663097944,0.022329635530108718,0.2251773805693862,4.440943390812115,ITW,30.203238220486,L,1.0353280351283718,1.805032015217271e-16,True,ITW,30.2032,TROW,24.6403,BRK-B,24.3178
D2_PB,classical_slsqp,0.05,10,1005,51,0.037477020815738026,0.021803113174012616,0.27141821537855576,3.6843510985630337,MCO,34.27048764912978,AMP,3.4398653203361294e-16,0.0,True,MCO,34.2705,ITW,29.234,BRK-B,24.692
D2_PB,classical_markowitz,0.05,10,1005,51,0.03849497978524345,0.02237332849762955,0.1873479030432532,5.337663159054036,BRK-B,22.46475786644637,AIG,0.0,1.8025451481252582e-16,True,BRK-B,22.4648,MCO,22.1034,ITW,21.8127
D2_PB,classical_risk_parity,0.05,10,1005,51,0.04524799415641071,0.02681114399642238,0.10014861826856142,9.985160227756426,AIG,10.756527132869621,TROW,9.439218886294919,1.5335251944917379e-16,True,AIG,10.7565,L,10.4348,MCO,10.251
D2_PB,oos_equal_weight,0.05,10,501,26,0.028428089465468317,0.01686799161922508,0.10920009332215119,9.157501331522676,IVZ,15.812824674373182,BRK-B,6.053420875510422,1.220429166078093e-16,True,IVZ,15.8128,PRU,12.8949,TROW,11.4863
D2_PB,oos_quantum_cvar,0.05,10,501,26,0.024036292727110314,0.015583223154610564,0.22350280483222634,4.47421678108539,ITW,28.292792727246628,L,0.6600985181173588,1.4434201610634875e-16,True,ITW,28.2928,TROW,26.7887,BRK-B,22.9617
D2_PB,oos_classical_cvar,0.05,10,501,26,0.023822606697868697,0.014091374041561052,0.30549250506790154,3.2734027297256634,MCO,42.744303628211334,BAC,0.0,1.4563674731127827e-16,True,MCO,42.7443,ITW,26.5531,BRK-B,22.0216
D2_PB,oos_inverse_vol,0.05,10,501,26,0.026938453560556293,0.01572062006247574,0.10270237341237809,9.736873324092782,IVZ,11.751792832684128,AIG,7.257736413189499,0.0,True,IVZ,11.7518,TROW,11.6672,PRU,11.6547
D2_PC,initial_equal_weight,0.05,10,1005,51,0.03512884619015783,0.019423875204799688,0.10286427026764959,9.72154857462199,AAPL,11.683918937022906,PG,5.975733441800612,1.9752695167799519e-16,True,AAPL,11.6839,JPM,11.397,XOM,11.2924
D2_PC,quantum_optimal,0.05,10,1005,51,0.031725201424346754,0.018532718547927002,0.1648970832517857,6.064388649452784,LIN,27.791282625044328,NEE,3.11192221387153,2.1871867135197824e-16,True,LIN,27.7913,PG,22.1375,XOM,12.7435
D2_PC,classical_slsqp,0.05,10,1005,51,0.030823578698964967,0.018189738947814834,0.18713844012113118,5.3436375730861005,LIN,25.2521920883923,JPM,0.0,2.251164269948968e-16,True,LIN,25.2522,PG,24.75,NEE,19.0067
D2_PC,classical_markowitz,0.05,10,1005,51,0.03512884619015783,0.019423875204799688,0.10286427026764959,9.72154857462199,AAPL,11.683918937022906,PG,5.975733441800612,1.9752695167799519e-16,True,AAPL,11.6839,JPM,11.397,XOM,11.2924
D2_PC,classical_risk_parity,0.05,10,1005,51,0.03420744303901089,0.018743045703303964,0.10040616291844158,9.959548009142477,XOM,10.969936538020306,NEE,8.693032941491225,2.0284748836660388e-16,True,XOM,10.9699,AAPL,10.6901,UNH,10.4275
D2_PC,oos_equal_weight,0.05,10,501,26,0.0193058855737227,0.013492446531317391,0.11314960805029288,8.837856509016971,AAPL,14.199459780164748,PG,1.9786183151379624,1.797092880668323e-16,True,AAPL,14.1995,CAT,13.6888,GOOGL,12.9747
D2_PC,oos_quantum_cvar,0.05,10,501,26,0.016681768739883328,0.01033623439466553,0.18859102767743335,5.30247919169518,PG,29.187955941732085,JPM,3.020557946798353,0.0,True,PG,29.188,LIN,27.1597,GOOGL,10.2105
D2_PC,oos_classical_cvar,0.05,10,501,26,0.01730441567263049,0.011574003206566064,0.24038414212075013,4.160008190131271,PG,41.22139471925409,MSFT,0.734810075286477,0.0,True,PG,41.2214,CAT,18.8436,NEE,15.9403
D2_PC,oos_inverse_vol,0.05,10,501,26,0.018674024949917108,0.013433162431575378,0.10815027958005662,9.246393110428947,UNH,14.337481648894848,PG,5.133299721994833,1.857899923159752e-16,True,UNH,14.3375,AAPL,13.1871,GOOGL,11.8873
E1_PA,initial_equal_weight,0.05,10,1005,51,0.03723227742586289,0.022051258028494364,0.11916193414456788,8.391941664750043,OXY,17.36475549015394,CLX,3.1364569994262825,0.0,True,OXY,17.3648,AAL,15.5182,NFLX,13.6632
E1_PA,quantum_optimal,0.05,10,1005,51,0.027757913543876214,0.016535061562830182,0.185825330811258,5.381397657866654,CBOE,26.24979757702701,AAL,1.559761372445008,1.249894717940318e-16,True,CBOE,26.2498,CLX,24.3771,CHRW,17.7871
E1_PA,classical_slsqp,0.05,10,1005,51,0.027168598140584223,0.015979470039889036,0.22309127780875068,4.48247017912224,CBOE,28.62139038308525,NFLX,0.0,1.277006245961162e-16,True,CBOE,28.6214,CLX,26.7612,CHRW,21.8125
E1_PA,classical_markowitz,0.05,10,1005,51,0.02789679400014914,0.01644103849374224,0.20101383205110562,4.974782032640225,CLX,30.898366566352237,OXY,3.402940804340109e-16,1.2436722843259128e-16,True,CLX,30.8984,CHRW,20.7856,NEM,17.7931
E1_PA,classical_risk_parity,0.05,10,1005,51,0.0327576194266054,0.019307688054749483,0.10180109832222996,9.823076729827712,NFLX,13.350974679423016,DXCM,8.640020696290469,0.0,True,NFLX,13.351,AAP,11.4209,CLX,10.3423
E1_PA,oos_equal_weight,0.05,10,501,26,0.027031708298093253,0.01718249094672937,0.1730902493002707,5.777332946497964,FMC,27.306487495021525,CBOE,-0.8938524875288832,1.2834730656657062e-16,True,FMC,27.3065,AAP,20.5083,DXCM,16.6545
E1_PA,oos_quantum_cvar,0.05,10,501,26,0.019115011004255146,0.014192781508175482,0.19600217620485333,5.101984168557606,CLX,29.681076899794018,NFLX,0.3592141592162369,1.8150379045981755e-16,True,CLX,29.6811,DXCM,20.205,CBOE,18.8908
E1_PA,oos_classical_cvar,0.05,10,501,26,0.01886560599587444,0.014526547122628925,0.2033422516979272,4.917817087446926,CLX,31.328463794681277,NFLX,-0.0,0.0,True,CLX,31.3285,CBOE,22.2336,CHRW,14.53
E1_PA,oos_inverse_vol,0.05,10,501,26,0.024665935366934504,0.015720340504769066,0.1823850036986299,5.482906926121975,FMC,32.16546982835949,CBOE,0.8170910143466822,0.0,True,FMC,32.1655,AAP,19.7151,DXCM,14.1107
E1_PB,initial_equal_weight,0.05,10,1005,51,0.047654276217407164,0.02876418229521975,0.10539438359374595,9.488171626437023,IVZ,13.41977781089334,BRK-B,6.171807006993363,2.912181006485392e-16,True,IVZ,13.4198,AIG,12.535,AMP,12.2066
E1_PB,quantum_optimal,0.05,10,1005,51,0.038407282999637214,0.02206593837047274,0.20537358987713156,4.869175245942129,ITW,30.396531053119,BAC,2.2571242694972993,3.613321933745009e-16,True,ITW,30.3965,BRK-B,25.0307,MCO,20.1348
E1_PB,classical_slsqp,0.05,10,1005,51,0.037477020815738026,0.021803113174012616,0.27141821537855576,3.6843510985630337,MCO,34.27048764912978,AMP,3.4398653203361294e-16,0.0,True,MCO,34.2705,ITW,29.234,BRK-B,24.692
E1_PB,classical_markowitz,0.05,10,1005,51,0.03849497978524345,0.02237332849762955,0.1873479030432532,5.337663159054036,BRK-B,22.46475786644637,AIG,0.0,1.8025451481252582e-16,True,BRK-B,22.4648,MCO,22.1034,ITW,21.8127
E1_PB,classical_risk_parity,0.05,10,1005,51,0.04524799415641071,0.02681114399642238,0.10014861826856142,9.985160227756426,AIG,10.756527132869621,TROW,9.439218886294919,1.5335251944917379e-16,True,AIG,10.7565,L,10.4348,MCO,10.251
E1_PB,oos_equal_weight,0.05,10,501,26,0.028428089465468317,0.01686799161922508,0.10920009332215119,9.157501331522676,IVZ,15.812824674373182,BRK-B,6.053420875510422,1.220429166078093e-16,True,IVZ,15.8128,PRU,12.8949,TROW,11.4863
E1_PB,oos_quantum_cvar,0.05,10,501,26,0.02371397264557355,0.014684493482926433,0.20829332961885147,4.800921862595717,ITW,28.679895548452738,L,1.478834241134365,2.9260782272185637e-16,True,ITW,28.6799,MCO,25.1881,BRK-B,22.8485
E1_PB,oos_classical_cvar,0.05,10,501,26,0.023822606697868697,0.014091374041561052,0.30549250506790154,3.2734027297256634,MCO,42.744303628211334,BAC,0.0,1.4563674731127827e-16,True,MCO,42.7443,ITW,26.5531,BRK-B,22.0216
E1_PB,oos_inverse_vol,0.05,10,501,26,0.026938453560556293,0.01572062006247574,0.10270237341237809,9.736873324092782,IVZ,11.751792832684128,AIG,7.257736413189499,0.0,True,IVZ,11.7518,TROW,11.6672,PRU,11.6547
E1_PC,initial_equal_weight,0.05,10,1005,51,0.03512884619015783,0.019423875204799688,0.10286427026764959,9.72154857462199,AAPL,11.683918937022906,PG,5.975733441800612,1.9752695167799519e-16,True,AAPL,11.6839,JPM,11.397,XOM,11.2924
E1_PC,quantum_optimal,0.05,10,1005,51,0.031189492632936418,0.018062224419433653,0.14402226118240546,6.943371057988676,PG,24.985249650713463,CAT,4.795763991787949,0.0,True,PG,24.9852,LIN,17.6448,NEE,15.7596
E1_PC,classical_slsqp,0.05,10,1005,51,0.030823578698964967,0.018189738947814834,0.18713844012113118,5.3436375730861005,LIN,25.2521920883923,JPM,0.0,2.251164269948968e-16,True,LIN,25.2522,PG,24.75,NEE,19.0067
E1_PC,classical_markowitz,0.05,10,1005,51,0.03512884619015783,0.019423875204799688,0.10286427026764959,9.72154857462199,AAPL,11.683918937022906,PG,5.975733441800612,1.9752695167799519e-16,True,AAPL,11.6839,JPM,11.397,XOM,11.2924
E1_PC,classical_risk_parity,0.05,10,1005,51,0.03420744303901089,0.018743045703303964,0.10040616291844158,9.959548009142477,XOM,10.969936538020306,NEE,8.693032941491225,2.0284748836660388e-16,True,XOM,10.9699,AAPL,10.6901,UNH,10.4275
E1_PC,oos_equal_weight,0.05,10,501,26,0.0193058855737227,0.013492446531317391,0.11314960805029288,8.837856509016971,AAPL,14.199459780164748,PG,1.9786183151379624,1.797092880668323e-16,True,AAPL,14.1995,CAT,13.6888,GOOGL,12.9747
E1_PC,oos_quantum_cvar,0.05,10,501,26,0.01695972675093602,0.010982621658962253,0.1885097920548396,5.30476421993553,PG,30.600487306616063,UNH,2.9671438415622475,2.0456974354035088e-16,True,PG,30.6005,NEE,22.879,LIN,17.183
E1_PC,oos_classical_cvar,0.05,10,501,26,0.01730441567263049,0.011574003206566064,0.24038414212075013,4.160008190131271,PG,41.22139471925409,MSFT,0.734810075286477,0.0,True,PG,41.2214,CAT,18.8436,NEE,15.9403
E1_PC,oos_inverse_vol,0.05,10,501,26,0.018674024949917108,0.013433162431575378,0.10815027958005662,9.246393110428947,UNH,14.337481648894848,PG,5.133299721994833,1.857899923159752e-16,True,UNH,14.3375,AAPL,13.1871,GOOGL,11.8873
E2_PA,initial_equal_weight,0.05,10,1005,51,0.03723227742586289,0.022051258028494364,0.11916193414456788,8.391941664750043,OXY,17.36475549015394,CLX,3.1364569994262825,0.0,True,OXY,17.3648,AAL,15.5182,NFLX,13.6632
E2_PA,quantum_optimal,0.05,10,1005,51,0.02927059566508346,0.016765377053631906,0.16384857864689986,6.103196062231577,CHRW,23.679260925574997,AAL,1.582261017730259,4.741204438271349e-16,True,CHRW,23.6793,NEM,20.371,DXCM,17.3143
E2_PA,classical_slsqp,0.05,10,1005,51,0.027168598140584223,0.015979470039889036,0.22309127780875068,4.48247017912224,CBOE,28.62139038308525,NFLX,0.0,1.277006245961162e-16,True,CBOE,28.6214,CLX,26.7612,CHRW,21.8125
E2_PA,classical_markowitz,0.05,10,1005,51,0.02789679400014914,0.01644103849374224,0.20101383205110562,4.974782032640225,CLX,30.898366566352237,OXY,3.402940804340109e-16,1.2436722843259128e-16,True,CLX,30.8984,CHRW,20.7856,NEM,17.7931
E2_PA,classical_risk_parity,0.05,10,1005,51,0.0327576194266054,0.019307688054749483,0.10180109832222996,9.823076729827712,NFLX,13.350974679423016,DXCM,8.640020696290469,0.0,True,NFLX,13.351,AAP,11.4209,CLX,10.3423
E2_PA,oos_equal_weight,0.05,10,501,26,0.027031708298093253,0.01718249094672937,0.1730902493002707,5.777332946497964,FMC,27.306487495021525,CBOE,-0.8938524875288832,1.2834730656657062e-16,True,FMC,27.3065,AAP,20.5083,DXCM,16.6545
E2_PA,oos_quantum_cvar,0.05,10,501,26,0.022269828168864022,0.014794701244245326,0.22453517498256262,4.453645180883841,DXCM,31.164756977353385,NFLX,0.6526719375110149,0.0,True,DXCM,31.1648,CHRW,27.7174,NEM,19.5539
E2_PA,oos_classical_cvar,0.05,10,501,26,0.01886560599587444,0.014526547122628925,0.2033422516979272,4.917817087446926,CLX,31.328463794681277,NFLX,-0.0,0.0,True,CLX,31.3285,CBOE,22.2336,CHRW,14.53
E2_PA,oos_inverse_vol,0.05,10,501,26,0.024665935366934504,0.015720340504769066,0.1823850036986299,5.482906926121975,FMC,32.16546982835949,CBOE,0.8170910143466822,0.0,True,FMC,32.1655,AAP,19.7151,DXCM,14.1107
E2_PB,initial_equal_weight,0.05,10,1005,51,0.047654276217407164,0.02876418229521975,0.10539438359374595,9.488171626437023,IVZ,13.41977781089334,BRK-B,6.171807006993363,2.912181006485392e-16,True,IVZ,13.4198,AIG,12.535,AMP,12.2066
E2_PB,quantum_optimal,0.05,10,1005,51,0.03875583933665018,0.022413067251797085,0.1897328245681174,5.270569298044591,ITW,30.877874271138555,PRU,2.8086203549249076,1.7904124959422967e-16,True,ITW,30.8779,BRK-B,24.8772,TROW,11.2742
E2_PB,classical_slsqp,0.05,10,1005,51,0.037477020815738026,0.021803113174012616,0.27141821537855576,3.6843510985630337,MCO,34.27048764912978,AMP,3.4398653203361294e-16,0.0,True,MCO,34.2705,ITW,29.234,BRK-B,24.692
E2_PB,classical_markowitz,0.05,10,1005,51,0.03849497978524345,0.02237332849762955,0.1873479030432532,5.337663159054036,BRK-B,22.46475786644637,AIG,0.0,1.8025451481252582e-16,True,BRK-B,22.4648,MCO,22.1034,ITW,21.8127
E2_PB,classical_risk_parity,0.05,10,1005,51,0.04524799415641071,0.02681114399642238,0.10014861826856142,9.985160227756426,AIG,10.756527132869621,TROW,9.439218886294919,1.5335251944917379e-16,True,AIG,10.7565,L,10.4348,MCO,10.251
E2_PB,oos_equal_weight,0.05,10,501,26,0.028428089465468317,0.01686799161922508,0.10920009332215119,9.157501331522676,IVZ,15.812824674373182,BRK-B,6.053420875510422,1.220429166078093e-16,True,IVZ,15.8128,PRU,12.8949,TROW,11.4863
E2_PB,oos_quantum_cvar,0.05,10,501,26,0.02359780421585434,0.014758236427921867,0.17894487781777113,5.588313072690195,ITW,28.134114560654332,L,1.9264628606579464,0.0,True,ITW,28.1341,BRK-B,23.5495,TROW,13.8851
E2_PB,oos_classical_cvar,0.05,10,501,26,0.023822606697868697,0.014091374041561052,0.30549250506790154,3.2734027297256634,MCO,42.744303628211334,BAC,0.0,1.4563674731127827e-16,True,MCO,42.7443,ITW,26.5531,BRK-B,22.0216
E2_PB,oos_inverse_vol,0.05,10,501,26,0.026938453560556293,0.01572062006247574,0.10270237341237809,9.736873324092782,IVZ,11.751792832684128,AIG,7.257736413189499,0.0,True,IVZ,11.7518,TROW,11.6672,PRU,11.6547
E2_PC,initial_equal_weight,0.05,10,1005,51,0.03512884619015783,0.019423875204799688,0.10286427026764959,9.72154857462199,AAPL,11.683918937022906,PG,5.975733441800612,1.9752695167799519e-16,True,AAPL,11.6839,JPM,11.397,XOM,11.2924
E2_PC,quantum_optimal,0.05,10,1005,51,0.03126615493972434,0.018892422657674716,0.18807004277881106,5.3171679296957395,LIN,32.23580065934102,CAT,3.167569464959131,2.2192987648414002e-16,True,LIN,32.2358,PG,23.3065,GOOGL,10.5086
E2_PC,classical_slsqp,0.05,10,1005,51,0.030823578698964967,0.018189738947814834,0.18713844012113118,5.3436375730861005,LIN,25.2521920883923,JPM,0.0,2.251164269948968e-16,True,LIN,25.2522,PG,24.75,NEE,19.0067
E2_PC,classical_markowitz,0.05,10,1005,51,0.03512884619015783,0.019423875204799688,0.10286427026764959,9.72154857462199,AAPL,11.683918937022906,PG,5.975733441800612,1.9752695167799519e-16,True,AAPL,11.6839,JPM,11.397,XOM,11.2924
E2_PC,classical_risk_parity,0.05,10,1005,51,0.03420744303901089,0.018743045703303964,0.10040616291844158,9.959548009142477,XOM,10.969936538020306,NEE,8.693032941491225,2.0284748836660388e-16,True,XOM,10.9699,AAPL,10.6901,UNH,10.4275
E2_PC,oos_equal_weight,0.05,10,501,26,0.0193058855737227,0.013492446531317391,0.11314960805029288,8.837856509016971,AAPL,14.199459780164748,PG,1.9786183151379624,1.797092880668323e-16,True,AAPL,14.1995,CAT,13.6888,GOOGL,12.9747
E2_PC,oos_quantum_cvar,0.05,10,501,26,0.017021570175669576,0.01108239150666494,0.2084872821050345,4.796455639419802,LIN,30.017536273911006,UNH,0.8469861041812937,0.0,True,LIN,30.0175,PG,29.2046,GOOGL,12.1555
E2_PC,oos_classical_cvar,0.05,10,501,26,0.01730441567263049,0.011574003206566064,0.24038414212075013,4.160008190131271,PG,41.22139471925409,MSFT,0.734810075286477,0.0,True,PG,41.2214,CAT,18.8436,NEE,15.9403
E2_PC,oos_inverse_vol,0.05,10,501,26,0.018674024949917108,0.013433162431575378,0.10815027958005662,9.246393110428947,UNH,14.337481648894848,PG,5.133299721994833,1.857899923159752e-16,True,UNH,14.3375,AAPL,13.1871,GOOGL,11.8873
E3_PA,initial_equal_weight,0.05,10,1005,51,0.03723227742586289,0.022051258028494364,0.11916193414456788,8.391941664750043,OXY,17.36475549015394,CLX,3.1364569994262825,0.0,True,OXY,17.3648,AAL,15.5182,NFLX,13.6632
E3_PA,quantum_optimal,0.05,10,1005,51,0.029551929323003497,0.017475760223372227,0.16428753465118048,6.08688907605331,DXCM,22.289104409853234,OXY,1.803148162049352,2.348034142903047e-16,True,DXCM,22.2891,NEM,20.3714,CHRW,18.0725
E3_PA,classical_slsqp,0.05,10,1005,51,0.027168598140584223,0.015979470039889036,0.22309127780875068,4.48247017912224,CBOE,28.62139038308525,NFLX,0.0,1.277006245961162e-16,True,CBOE,28.6214,CLX,26.7612,CHRW,21.8125
E3_PA,classical_markowitz,0.05,10,1005,51,0.02789679400014914,0.01644103849374224,0.20101383205110562,4.974782032640225,CLX,30.898366566352237,OXY,3.402940804340109e-16,1.2436722843259128e-16,True,CLX,30.8984,CHRW,20.7856,NEM,17.7931
E3_PA,classical_risk_parity,0.05,10,1005,51,0.0327576194266054,0.019307688054749483,0.10180109832222996,9.823076729827712,NFLX,13.350974679423016,DXCM,8.640020696290469,0.0,True,NFLX,13.351,AAP,11.4209,CLX,10.3423
E3_PA,oos_equal_weight,0.05,10,501,26,0.027031708298093253,0.01718249094672937,0.1730902493002707,5.777332946497964,FMC,27.306487495021525,CBOE,-0.8938524875288832,1.2834730656657062e-16,True,FMC,27.3065,AAP,20.5083,DXCM,16.6545
E3_PA,oos_quantum_cvar,0.05,10,501,26,0.022605605284804948,0.014272941802131511,0.25471403710812623,3.9259713023805576,DXCM,38.44831812189467,NFLX,0.5153854258924355,1.5347728619704584e-16,True,DXCM,38.4483,NEM,25.9884,CHRW,17.8052
E3_PA,oos_classical_cvar,0.05,10,501,26,0.01886560599587444,0.014526547122628925,0.2033422516979272,4.917817087446926,CLX,31.328463794681277,NFLX,-0.0,0.0,True,CLX,31.3285,CBOE,22.2336,CHRW,14.53
E3_PA,oos_inverse_vol,0.05,10,501,26,0.024665935366934504,0.015720340504769066,0.1823850036986299,5.482906926121975,FMC,32.16546982835949,CBOE,0.8170910143466822,0.0,True,FMC,32.1655,AAP,19.7151,DXCM,14.1107
E3_PB,initial_equal_weight,0.05,10,1005,51,0.047654276217407164,0.02876418229521975,0.10539438359374595,9.488171626437023,IVZ,13.41977781089334,BRK-B,6.171807006993363,2.912181006485392e-16,True,IVZ,13.4198,AIG,12.535,AMP,12.2066
E3_PB,quantum_optimal,0.05,10,1005,51,0.03842362898995954,0.022253729531493634,0.22313567402792284,4.481578323844629,ITW,30.230548250043622,L,1.0621992202231514,1.8058923860940483e-16,True,ITW,30.2305,BRK-B,24.3398,TROW,23.9675
E3_PB,classical_slsqp,0.05,10,1005,51,0.037477020815738026,0.021803113174012616,0.27141821537855576,3.6843510985630337,MCO,34.27048764912978,AMP,3.4398653203361294e-16,0.0,True,MCO,34.2705,ITW,29.234,BRK-B,24.692
E3_PB,classical_markowitz,0.05,10,1005,51,0.03849497978524345,0.02237332849762955,0.1873479030432532,5.337663159054036,BRK-B,22.46475786644637,AIG,0.0,1.8025451481252582e-16,True,BRK-B,22.4648,MCO,22.1034,ITW,21.8127
E3_PB,classical_risk_parity,0.05,10,1005,51,0.04524799415641071,0.02681114399642238,0.10014861826856142,9.985160227756426,AIG,10.756527132869621,TROW,9.439218886294919,1.5335251944917379e-16,True,AIG,10.7565,L,10.4348,MCO,10.251
E3_PB,oos_equal_weight,0.05,10,501,26,0.028428089465468317,0.01686799161922508,0.10920009332215119,9.157501331522676,IVZ,15.812824674373182,BRK-B,6.053420875510422,1.220429166078093e-16,True,IVZ,15.8128,PRU,12.8949,TROW,11.4863
E3_PB,oos_quantum_cvar,0.05,10,501,26,0.02402294497165577,0.015586922723732164,0.22121778110547516,4.5204322862419755,ITW,28.316042937877672,L,0.6774645090870617,1.4442221617903243e-16,True,ITW,28.316,TROW,26.0662,BRK-B,22.9806
E3_PB,oos_classical_cvar,0.05,10,501,26,0.023822606697868697,0.014091374041561052,0.30549250506790154,3.2734027297256634,MCO,42.744303628211334,BAC,0.0,1.4563674731127827e-16,True,MCO,42.7443,ITW,26.5531,BRK-B,22.0216
E3_PB,oos_inverse_vol,0.05,10,501,26,0.026938453560556293,0.01572062006247574,0.10270237341237809,9.736873324092782,IVZ,11.751792832684128,AIG,7.257736413189499,0.0,True,IVZ,11.7518,TROW,11.6672,PRU,11.6547
E3_PC,initial_equal_weight,0.05,10,1005,51,0.03512884619015783,0.019423875204799688,0.10286427026764959,9.72154857462199,AAPL,11.683918937022906,PG,5.975733441800612,1.9752695167799519e-16,True,AAPL,11.6839,JPM,11.397,XOM,11.2924
E3_PC,quantum_optimal,0.05,10,1005,51,0.0316949978370797,0.01854796973606719,0.1674526226488954,5.9718383873672725,LIN,28.640669815581788,NEE,3.113201929875118,0.0,True,LIN,28.6407,PG,22.154,XOM,11.7096
E3_PC,classical_slsqp,0.05,10,1005,51,0.030823578698964967,0.018189738947814834,0.18713844012113118,5.3436375730861005,LIN,25.2521920883923,JPM,0.0,2.251164269948968e-16,True,LIN,25.2522,PG,24.75,NEE,19.0067
E3_PC,classical_markowitz,0.05,10,1005,51,0.03512884619015783,0.019423875204799688,0.10286427026764959,9.72154857462199,AAPL,11.683918937022906,PG,5.975733441800612,1.9752695167799519e-16,True,AAPL,11.6839,JPM,11.397,XOM,11.2924
E3_PC,classical_risk_parity,0.05,10,1005,51,0.03420744303901089,0.018743045703303964,0.10040616291844158,9.959548009142477,XOM,10.969936538020306,NEE,8.693032941491225,2.0284748836660388e-16,True,XOM,10.9699,AAPL,10.6901,UNH,10.4275
E3_PC,oos_equal_weight,0.05,10,501,26,0.0193058855737227,0.013492446531317391,0.11314960805029288,8.837856509016971,AAPL,14.199459780164748,PG,1.9786183151379624,1.797092880668323e-16,True,AAPL,14.1995,CAT,13.6888,GOOGL,12.9747
E3_PC,oos_quantum_cvar,0.05,10,501,26,0.016703992385891927,0.01038167152751043,0.18550358783205526,5.390731315155721,PG,28.278604534393903,NEE,3.2927731071628656,2.077016602859372e-16,True,PG,28.2786,LIN,27.4541,GOOGL,10.7557
E3_PC,oos_classical_cvar,0.05,10,501,26,0.01730441567263049,0.011574003206566064,0.24038414212075013,4.160008190131271,PG,41.22139471925409,MSFT,0.734810075286477,0.0,True,PG,41.2214,CAT,18.8436,NEE,15.9403
E3_PC,oos_inverse_vol,0.05,10,501,26,0.018674024949917108,0.013433162431575378,0.10815027958005662,9.246393110428947,UNH,14.337481648894848,PG,5.133299721994833,1.857899923159752e-16,True,UNH,14.3375,AAPL,13.1871,GOOGL,11.8873
S1_PA_100,initial_equal_weight,0.05,100,1005,51,0.038602964988520935,0.022406577172267655,0.011086536073962613,90.19949904357946,APA,1.989218415619619,GIS,0.29908926739100955,1.7975028358496333e-16,True,APA,1.9892,TRGP,1.7944,OXY,1.7624
S1_PA_100,quantum_optimal,0.05,100,1005,51,0.02395319196388924,0.014649350516604624,0.09135896360997613,10.945833451757798,WMT,20.841792900701446,ZION,0.038561159146924935,1.448427815876837e-16,True,WMT,20.8418,GILD,11.7464,REGN,11.1642
S1_PA_100,classical_slsqp,0.05,100,1005,51,0.023125882070970105,0.015482604179905943,0.1238983601045186,8.071131846752586,WMT,19.736373603969973,ADSK,0.0,1.500244159901108e-16,True,WMT,19.7364,GILD,18.3,GIS,15.1942
S1_PA_100,classical_markowitz,0.05,100,1005,51,0.02450873325489164,0.014317290241974976,0.05226200357642805,19.134360176941897,GIS,9.375854128138847,ADI,0.0,1.415596194169282e-16,True,GIS,9.3759,GEN,7.899,WMT,7.2866
S1_PA_100,classical_risk_parity,0.05,100,1005,51,0.03465928777721543,0.019719424681365127,0.010047301972981818,99.52920721295112,GEN,1.171312229815167,ZION,0.8165773442314969,0.0,True,GEN,1.1713,TDG,1.1288,DRI,1.1224
S1_PA_100,oos_equal_weight,0.05,100,501,26,0.021428594801932026,0.011995264457216633,0.012405064467947273,80.61223725066823,SEDG,2.817726886080364,AEP,0.1572553033044548,0.0,True,SEDG,2.8177,ALGN,2.226,INTC,2.13
S1_PA_100,oos_quantum_cvar,0.05,100,501,26,0.017952043808232725,0.01227335665290567,0.11079675938470004,9.025534731822583,REGN,22.752181463858175,ETN,0.012995329496118136,0.0,True,REGN,22.7522,GIS,12.3171,GILD,11.9753
S1_PA_100,oos_classical_cvar,0.05,100,501,26,0.018804879833592723,0.013222116283046557,0.13856236026697277,7.216967133594334,GILD,22.59782961440681,ADSK,0.0,0.0,True,GILD,22.5978,GIS,16.0198,REGN,15.5145
S1_PA_100,oos_inverse_vol,0.05,100,501,26,0.01971229813364672,0.011053141756672335,0.011188468918175607,89.37773410403862,INTC,2.056602764606499,NOC,0.24076389279838892,1.7600418421185884e-16,True,INTC,2.0566,MTD,1.8488,ADI,1.7567
S1_PA_30,initial_equal_weight,0.05,30,1005,51,0.03831386009892729,0.02040732866349846,0.03979886831997345,25.12634258743835,APA,7.427038170158691,GIS,1.1656139181399874,0.0,True,APA,7.427,OXY,6.406,FANG,5.8569
S1_PA_30,quantum_optimal,0.05,30,1005,51,0.024698061671856272,0.014879445496541487,0.11789800879972204,8.481907456967651,WMT,20.97395936177473,ETN,0.2557523167434589,2.8094892611811306e-16,True,WMT,20.974,GIS,14.5303,GILD,14.0675
S1_PA_30,classical_slsqp,0.05,30,1005,51,0.02388177487713149,0.014910867962876224,0.1630027863386409,6.1348644551540605,GIS,22.202949405104086,ADI,0.0,1.4527592567149241e-16,True,GIS,22.2029,WMT,18.4996,GILD,18.4387
S1_PA_30,classical_markowitz,0.05,30,1005,51,0.024567458231099158,0.0146845351585333,0.10813587218143711,9.247625046405856,GIS,17.40337306663666,HCA,0.0,1.4122124150237127e-16,True,GIS,17.4034,ABBV,12.8959,WMT,12.6444
S1_PA_30,classical_risk_parity,0.05,30,1005,51,0.032808478928129076,0.01751233682108462,0.033469415904612575,29.878023651502843,GIS,3.7051949330676237,RMD,2.9642299726425354,0.0,True,GIS,3.7052,ABBV,3.6615,BSX,3.6228
S1_PA_30,oos_equal_weight,0.05,30,501,26,0.023317490487876954,0.01390997325187427,0.04240253624468086,23.583494964300485,INTC,7.710794589027599,NOC,0.4326682982722897,1.4879161004728502e-16,True,INTC,7.7108,APA,6.6948,MGM,5.7245
S1_PA_30,oos_quantum_cvar,0.05,30,501,26,0.019265357626140362,0.01291201036011216,0.14119471044664328,7.082418291993273,REGN,23.152121482443295,HCA,0.13361050730727647,1.8008733703681087e-16,True,REGN,23.1521,GILD,16.6571,GIS,15.5462
S1_PA_30,oos_classical_cvar,0.05,30,501,26,0.02095643759657053,0.0140828748715582,0.1781692905762772,5.612639511363399,REGN,21.562255427532453,ADI,0.0,0.0,True,REGN,21.5623,GILD,20.9964,GIS,20.4307
S1_PA_30,oos_inverse_vol,0.05,30,501,26,0.021048113794839094,0.012759706667658108,0.038130122613371266,26.22598437827539,INTC,7.2140816025547645,NOC,0.754846202524529,1.6483410275005938e-16,True,INTC,7.2141,ADI,5.7792,DD,4.6925
S1_PB_100,initial_equal_weight,0.05,100,1005,51,0.0452926279634951,0.026343661805405656,0.010524291611823146,95.0182717168902,CCL,1.9828147192264785,NDAQ,0.6348189011054031,0.0,True,CCL,1.9828,HAL,1.5718,DVN,1.4986
S1_PB_100,quantum_optimal,0.05,100,1005,51,0.033125488318169874,0.020257629637317587,0.12834790176223257,7.7913233194300515,BRK-B,26.467896888951913,DOW,0.022405923140656304,2.094729543987106e-16,True,BRK-B,26.4679,GD,13.065,NDAQ,11.5582
S1_PB_100,classical_slsqp,0.05,100,1005,51,0.032401318066490575,0.02004058011076896,0.17994940336094267,5.557117619302128,BRK-B,27.882794632830795,ADP,0.0,0.0,True,BRK-B,27.8828,GD,20.2599,NDAQ,15.1245
S1_PB_100,classical_markowitz,0.05,100,1005,51,0.033903483030199556,0.019450211287405626,0.10345452043798106,9.666083180961436,BRK-B,15.264250374813384,AIG,0.0,0.0,True,BRK-B,15.2643,ROP,14.3253,GD,14.1978
S1_PB_100,classical_risk_parity,0.05,100,1005,51,0.04333709451017564,0.025167920106331107,0.010035195908941464,99.64927531798254,MSI,1.2003972648940895,ZION,0.7907640179523744,1.6011442350565985e-16,True,MSI,1.2004,FOX,1.129,TDG,1.1168
S1_PB_100,oos_equal_weight,0.05,100,501,26,0.025338338181311128,0.016389972678134433,0.011370736441430255,87.94505132986937,VFC,2.0052257409296157,WELL,0.30458121946911815,2.738496050630856e-16,True,VFC,2.0052,ZION,1.866,IVZ,1.8202
S1_PB_100,oos_quantum_cvar,0.05,100,501,26,0.019674617356896074,0.01294728029335428,0.1377306760970181,7.260546657707507,BRK-B,26.179393959347923,WELL,0.010767217030125098,1.763412669744947e-16,True,BRK-B,26.1794,EFX,16.2237,NDAQ,13.6638
S1_PB_100,oos_classical_cvar,0.05,100,501,26,0.01996115336714027,0.012550114561393523,0.17632260490098736,5.671422564120706,BRK-B,26.887173137102614,ADP,0.0,1.738099441520643e-16,True,BRK-B,26.8872,GD,18.0958,NDAQ,15.6867
S1_PB_100,oos_inverse_vol,0.05,100,501,26,0.024306412591747453,0.015939272034366063,0.010845441100956883,92.20464070491066,VFC,1.701822163657459,WELL,0.2779080149085702,0.0,True,VFC,1.7018,HPE,1.6487,ROK,1.5578
S1_PB_30,initial_equal_weight,0.05,30,1005,51,0.042824349895718844,0.024236100185902533,0.03455151191600483,28.94229353641638,COF,4.758080464696351,GD,2.465732914163185,0.0,True,COF,4.7581,SLB,4.7443,MPC,4.4989
S1_PB_30,quantum_optimal,0.05,30,1005,51,0.035448835738496,0.021254915051694953,0.14736525934456493,6.78585987258931,GD,26.184313654566875,EMR,0.1467859712336661,1.9574391540232378e-16,True,GD,26.1843,LIN,21.9861,ITW,12.185
S1_PB_30,classical_slsqp,0.05,30,1005,51,0.034769434362192236,0.0209979676150012,0.2162449801643354,4.624384803013924,LIN,30.154240406750198,AXP,0.0,1.995687888282784e-16,True,LIN,30.1542,GD,28.7789,ITW,17.1459
S1_PB_30,classical_markowitz,0.05,30,1005,51,0.0365584683848505,0.021606033399124532,0.07281826602334776,13.732818077257834,GD,11.221725927973239,AXP,0.0,1.8980264246470603e-16,True,GD,11.2217,LIN,9.4202,CPRT,9.0685
S1_PB_30,classical_risk_parity,0.05,30,1005,51,0.04146970463467516,0.023704197125625815,0.033421948444065326,29.920457859409098,CPRT,3.792002223844202,CVX,2.9551782530016837,1.673244110377642e-16,True,CPRT,3.792,CTSH,3.6688,MA,3.6536
S1_PB_30,oos_equal_weight,0.05,30,501,26,0.02391255712739417,0.014576413055853154,0.036571049966547635,27.34403307847936,COF,5.036121645521833,CB,1.2715461195881628,1.4508891430849437e-16,True,COF,5.0361,MS,4.901,PRU,4.7368
S1_PB_30,oos_quantum_cvar,0.05,30,501,26,0.01855928333572622,0.011911305410167865,0.16482901621090557,6.0668929718081825,GD,30.632215749501185,JPM,0.12387859043127218,1.8693862738087612e-16,True,GD,30.6322,LIN,19.8731,ITW,13.7241
S1_PB_30,oos_classical_cvar,0.05,30,501,26,0.01888369773186767,0.012539863657512666,0.2377692641753713,4.205758063255942,GD,33.97848083538767,AXP,0.0,3.6745419262864775e-16,True,GD,33.9785,LIN,28.7886,ITW,17.2811
S1_PB_30,oos_inverse_vol,0.05,30,501,26,0.02306914592389322,0.014358401401846793,0.03548794811971555,28.178580419092864,MS,4.7774253454767255,CB,1.4932306058461644,0.0,True,MS,4.7774,EMR,4.4475,MCO,4.3239
S1_PC_100,initial_equal_weight,0.05,96,1005,51,0.03508473921027687,0.01967730457970921,0.011297525575777779,88.51495783678763,BA,1.7457558493271637,VZ,0.496144815403403,0.0,True,BA,1.7458,TSLA,1.7181,AAL,1.6905
S1_PC_100,quantum_optimal,0.05,96,1005,51,0.02562103544348103,0.014304397745498763,0.029090243747713226,34.37578621453145,MRK,4.987352354146785,CMG,0.10045985989754619,1.3541400227976496e-16,True,MRK,4.9874,LLY,4.8464,BMY,4.8349
S1_PC_100,classical_slsqp,0.05,96,1005,51,0.023153831889094534,0.014136244005164262,0.13601404489063743,7.352181907420322,VZ,21.912713070130852,GOOGL,0.0,2.9968663230966755e-16,True,VZ,21.9127,BMY,18.6758,GILD,15.9506
S1_PC_100,classical_markowitz,0.05,96,1005,51,0.025055387258672,0.014163291814380771,0.03481192143609088,28.725791589408246,BMY,5.499663449838687,AVGO,0.0,0.0,True,BMY,5.4997,VZ,5.3582,GILD,5.2314
S1_PC_100,classical_risk_parity,0.05,96,1005,51,0.03261637421766886,0.018002231592820626,0.010481464039118163,95.40651919120003,TSLA,1.2924636618492817,LLY,0.8170507193394474,4.2548530119255845e-16,True,TSLA,1.2925,AMZN,1.2656,BKNG,1.2336
S1_PC_100,oos_equal_weight,0.05,96,501,26,0.019428029249372238,0.012296266142488702,0.013154667452419326,76.01864536804281,INTC,2.7051112305563625,LMT,0.14113323503006664,0.0,True,INTC,2.7051,TSLA,2.3233,AAL,2.3108
S1_PC_100,oos_quantum_cvar,0.05,96,501,26,0.01721032385456507,0.012001520857440919,0.043917866088670224,22.76977660938714,LLY,8.581594414538655,NVDA,-0.0032637411767942916,2.015910322938598e-16,True,LLY,8.5816,BMY,8.4369,MRK,7.7499
S1_PC_100,oos_classical_cvar,0.05,96,501,26,0.019136122956700065,0.013649395487751077,0.17892316993174573,5.588991075786733,BMY,28.396176078706247,AMD,-2.876426915442385e-17,0.0,True,BMY,28.3962,GILD,21.2161,VZ,19.9848
S1_PC_100,oos_inverse_vol,0.05,96,501,26,0.017846042535943026,0.011088871690894868,0.01177708439286319,84.91065926350933,INTC,2.2233846660599235,LMT,0.12018215589650583,0.0,True,INTC,2.2234,ADI,1.9219,TXN,1.8476
S1_PC_30,initial_equal_weight,0.05,30,1005,51,0.04302118276325915,0.02441043327388708,0.034344929475691274,29.11637948500614,SLB,4.507132762099618,GD,2.3836969761005613,1.61290170521137e-16,True,SLB,4.5071,AIG,4.4864,AMP,4.4808
S1_PC_30,quantum_optimal,0.05,30,1005,51,0.03533773542784449,0.0208356466633034,0.15635637490607554,6.395645848151108,GD,25.81249468062389,JPM,0.15578972539277947,1.96359325799907e-16,True,GD,25.8125,LIN,23.8815,ITW,12.2314
S1_PC_30,classical_slsqp,0.05,30,1005,51,0.034737822627208294,0.020788821472461003,0.21598798126219337,4.629887247226383,GD,30.220656761619313,USB,3.5096523700864926e-17,3.9950079648758187e-16,True,GD,30.2207,LIN,29.1017,ITW,16.2636
S1_PC_30,classical_markowitz,0.05,30,1005,51,0.035946681579418105,0.02085061304827127,0.0918408609360821,10.888399670991365,GD,14.934680897758543,AMAT,0.0,0.0,True,GD,14.9347,LIN,12.0069,CB,10.4983
S1_PC_30,classical_risk_parity,0.05,30,1005,51,0.041824433502108446,0.024198172110722196,0.03340142295606416,29.938844261676763,MA,3.6159313708387084,CVX,2.973768814096464,0.0,True,MA,3.6159,GE,3.5808,ADP,3.5477
S1_PC_30,oos_equal_weight,0.05,30,501,26,0.025539027467907687,0.01527818082708181,0.03679850912530039,27.17501398208716,ADI,4.9568014377408876,CB,0.916011655048284,0.0,True,ADI,4.9568,QCOM,4.8745,AMAT,4.7776
S1_PC_30,oos_quantum_cvar,0.05,30,501,26,0.0189156520162921,0.012053932344195514,0.17855216197628918,5.600604265619562,GD,30.364328977548293,JPM,0.10810304984402541,0.0,True,GD,30.3643,LIN,23.6563,ITW,12.4496
S1_PC_30,oos_classical_cvar,0.05,30,501,26,0.019227166420402488,0.012352030592259096,0.23638092344980283,4.23045982478513,GD,33.991553801031294,USB,3.402889670184547e-17,0.0,True,GD,33.9916,LIN,29.0318,ITW,16.1719
S1_PC_30,oos_inverse_vol,0.05,30,501,26,0.024660373586909944,0.014572003249560843,0.0357277250428356,27.98946752979806,ADI,5.041501402121034,CB,1.0877847123368045,1.4068914810743592e-16,True,ADI,5.0415,MS,4.6271,EMR,4.3384
